YuGiOhVersion,Abbreviation,NameJA,NameKO,NameEN,ReleaseDate
OCG,WJ,,,Limited Edition 2,2000-04-01
OCG,MR,,,Magic Ruler,2000-04-20
OCG,VB,,,The Valuable Book 2 promotional cards,2000-04-20
OCG,LB,,,Legend of Blue Eyes White Dragon,2000-05-18
OCG,VJ,,,V Jump July 2000 promotional card,2000-05-20
OCG,B1,,,Booster R1,2000-06-23
OCG,PS,,,Pharaoh's Servant,2000-07-13
OCG,G3-B,,,Yu-Gi-Oh! Duel Monsters III: Tri-Holy God Advent Game Guide 1 promotional card,2000-07-13
OCG,G3,,,Yu-Gi-Oh! Duel Monsters III: Tri-Holy God Advent pre-order promotional card,2000-07-13
OCG,G3,,,Yu-Gi-Oh! Duel Monsters III: Tri-Holy God Advent promotional cards,2000-07-13
OCG,PG,,,Phantom God,2000-08-10
OCG,P3,,,Premium Pack 3,2000-08-10
OCG,G3-B,,,Yu-Gi-Oh! Duel Monsters III: Tri-Holy God Advent Game Guide 2 promotional card,2000-08-10
OCG,G3,,,Yu-Gi-Oh! Duel Monsters III: Tri-Holy God Advent Official Tournament Street Duel Legend of Power prize card,2000-08-27
OCG,B2,,,Booster R2,2000-09-09
OCG,CA,,,Curse of Anubis,2000-09-28
OCG,RB,,,Revival of Black Demons Dragon,2000-10-26
OCG,VJ,,,V Jump January 2001 promotional card,2000-11-20
OCG,B3,,,Booster R3,2000-11-23
OCG,EX,,,EX-R Starter Box,2000-11-23
OCG,G4-B,,,Yu-Gi-Oh! Duel Monsters 4: Battle of Great Duelist Game Guide 1 promotional card,2000-12-07
OCG,G4,,,Yu-Gi-Oh! Duel Monsters 4: Battle of Great Duelist promotional cards,2000-12-07
OCG,TB,,,Thousand Eyes Bible,2000-12-14
OCG,TR,,,The Thousand Rule Bible promotional card,2000-12-21
OCG,VB,,,The Valuable Book 3 promotional cards,2000-12-21
OCG,G4-B,,,Yu-Gi-Oh! Duel Monsters 4: Battle of Great Duelist Game Guide 2 promotional card,2000-12-21
OCG,P4,,,Premium Pack 4,2001-01-18
OCG,WJ,,,"Weekly Shōnen Jump 2001, Issue 11 promotional card",2001-02-10
OCG,ME,,,Metal Raiders,2001-02-22
OCG,T2,,,Second National Tournament prize cards,2001-03-01
OCG,L3,,,Limited Edition 3,2001-04-10
OCG,SM,,,Spell of Mask,2001-04-19
OCG,VJ,,,V Jump July 2001 promotional card,2001-05-21
OCG,YU,,,Structure Deck: Yugi,2001-06-28
OCG,G5-B,,,Yu-Gi-Oh! Duel Monsters 5: Expert 1 First Volume promotional card,2001-07-05
OCG,G5,,,Yu-Gi-Oh! Duel Monsters 5: Expert 1 promotional cards,2001-07-05
OCG,—,,,Oversized Gift for 7000 People,2001-07-10
OCG,LN,,,Labyrinth of Nightmare,2001-07-21
OCG,WJ,,,"Weekly Shōnen Jump 2001, Issue 35 promotional card",2001-07-31
OCG,WJ,,,"Weekly Shōnen Jump 2001, Issue 36–37 promotional card",2001-08-07
OCG,G5-B,,,Yu-Gi-Oh! Duel Monsters 5: Expert 1 Second Volume promotional card,2001-08-08
OCG,T3,,,Asia Championship 2001 prize cards,2001-08-12
OCG,BC,,,Booster Chronicle,2001-08-30
OCG,S2,,,Yu-Gi-Oh! True Duel Monsters 2: Succeeded Memories promotional cards,2001-09-06
OCG,S2-B,,,Yu-Gi-Oh! True Duel Monsters II: Succeeded Memories Game Guide promotional card,2001-09-06
OCG,SC,,,Struggle of Chaos,2001-09-20
OCG,JY,,,Structure Deck: Joey,2001-10-25
OCG,MA,,,Mythological Age,2001-11-29
OCG,G6-B,,,Yu-Gi-Oh! Duel Monsters 6: Expert 2 First Volume promotional card,2001-12-20
OCG,G6,,,Yu-Gi-Oh! Duel Monsters 6: Expert 2 pre-order promotional card,2001-12-20
OCG,G6,,,Yu-Gi-Oh! Duel Monsters 6: Expert 2 promotional cards,2001-12-20
OCG,VJ,,,V Jump February 2002 promotional card,2001-12-21
OCG,P5,,,Premium Pack 5,2001-12-22
OCG,WJ,,,"Weekly Shōnen Jump 2002, Issue 4–5 promotional card",2001-12-28
OCG,G6-B,,,Yu-Gi-Oh! Duel Monsters 6: Expert 2 Second Volume promotional card,2002-01-22
OCG,KA,,,Structure Deck: Kaiba,2002-01-24
OCG,VB,,,The Valuable Book 4 promotional cards,2002-01-25
TCG,LOB,,,Legend of Blue Eyes White Dragon,2002-03-08
TCG,DDS,,,Yu-Gi-Oh! Dark Duel Stories promotional cards,2002-03-19
OCG,PH,,,Pharaonic Guardian,2002-03-21
OCG,PE,,,Structure Deck: Pegasus,2002-03-21
TCG,SDK,,,Starter Deck: Kaiba,2002-03-29
TCG,SDY,,,Starter Deck: Yugi,2002-03-29
OCG,301,,,The New Ruler,2002-05-16
OCG,VJC,,,V Jump July 2002 promotional card,2002-05-21
OCG,LE4,,,Limited Edition 4: Marik Pack,2002-05-28
OCG,LE4,,,Limited Edition 4: Yugi Pack,2002-05-28
OCG,DL1,,,Duelist Legacy Volume.1,2002-06-20
TCG,MRD,,,Metal Raiders,2002-06-26
OCG,GB7-B,,,Yu-Gi-Oh! Duel Monsters 7: The Duelcity Legend Game Guide 1 promotional card,2002-07-04
OCG,GB7,,,Yu-Gi-Oh! Duel Monsters 7: The Duelcity Legend pre-order promotional card,2002-07-04
OCG,GB7,,,Yu-Gi-Oh! Duel Monsters 7: The Duelcity Legend promotional cards,2002-07-04
OCG,302,,,Advent of Union,2002-07-18
OCG,GB7-B,,,Yu-Gi-Oh! Duel Monsters 7: The Duelcity Legend Game Guide 2 promotional card,2002-08-06
OCG,DL2,,,Duelist Legacy Volume.2,2002-08-22
TCG,TP1,,,Tournament Pack: 1st Season,2002-09-01
TCG,SRL,,,Spell Ruler,2002-09-16
OCG,303,,,Champion of Black Magic,2002-09-19
TCG,TP2,,,Tournament Pack: 2nd Season,2002-10-01
TCG,BPT,,,Booster Pack Collectors Tins 2002,2002-10-04
OCG,VB5,,,The Valuable Book 5 promotional cards,2002-10-04
TCG,EDS,,,Yu-Gi-Oh! The Eternal Duelist Soul promotional cards,2002-10-15
TCG,PSV,,,Pharaoh's Servant,2002-10-20
OCG,PC1,,,World Ranking Promos: Series 1,2002-11-01
OCG,YCB,,,Yu-Gi-Oh! Character Guidebook: The Gospel of Truth promotional cards,2002-11-01
OCG,304,,,Power of the Guardian,2002-11-21
TCG,JMP,,,"Shonen Jump Vol. 1, Issue 1 promotional card",2002-11-26
TCG,FMR,,,Yu-Gi-Oh! Forbidden Memories Premium Edition promotional cards,2002-11-26
OCG,JCY,,,Yu-Gi-Oh! Volume 31 promotional card,2002-12-04
OCG,DL3,,,Duelist Legacy Volume.3,2002-12-12
OCG,JMP,,,"Weekly Shōnen Jump 2003, Issue 3–4 promotional card",2002-12-17
TCG,MP1,,,McDonald's Promotional Cards,2002-12-20
TCG,DL1,,,Duelist League Series 1 participation cards,2003-01-01
TCG,DL3,,,Duelist League Series 3 participation card,2003-01-01
OCG,BPT,,,Booster Pack Collectors Tin 2003,2003-01-16
OCG,DL4,,,Duelist Legacy Volume.4,2003-01-23
TCG,DOR,,,Yu-Gi-Oh! The Duelists of the Roses promotional cards,2003-02-16
OCG,305,,,Threat of the Dark Demon World,2003-02-20
TCG,LON,,,Labyrinth of Nightmare,2003-03-01
TCG,TP3,,,Tournament Pack: 3rd Season,2003-03-01
OCG,GB8-B,,,Yu-Gi-Oh! Duel Monsters 8: Reshef of Destruction Game Guide 1 promotional card,2003-03-20
OCG,GB8-B,,,Yu-Gi-Oh! Duel Monsters 8: Reshef of Destruction Game Guide 2 promotional card,2003-03-20
OCG,GB8,,,Yu-Gi-Oh! Duel Monsters 8: Reshef of Destruction pre-order promotional card,2003-03-20
OCG,GB8,,,Yu-Gi-Oh! Duel Monsters 8: Reshef of Destruction promotional cards,2003-03-20
TCG,SDJ,,,Starter Deck: Joey,2003-03-30
TCG,SDP,,,Starter Deck: Pegasus,2003-03-30
TCG,,,,Starter Deck: Joey Deluxe Edition,2003-04-01
OCG,LE5,,,Limited Edition 5,2003-04-08
TCG,SDD,,,Yu-Gi-Oh! Worldwide Edition: Stairway to the Destined Duel promotional cards,2003-04-15
OCG,GBI-B,,,Yu-Gi-Oh! Duel Monsters International: Worldwide Edition Game Guide promotional card,2003-04-17
OCG,GBI,,,Yu-Gi-Oh! Duel Monsters International: Worldwide Edition promotional cards,2003-04-17
OCG,306,,,Controller of Chaos,2003-04-24
OCG,DL5,,,Duelist Legacy Volume.5,2003-04-24
OCG,PC2,,,World Ranking Promos: Series 2,2003-05-01
OCG,SY2,,,Structure Deck: Yugi Volume 2,2003-05-22
TCG,LOD,,,Legacy of Darkness,2003-06-06
OCG,WCS,,,Yu-Gi-Oh! Japanese World Championship Qualifier 2003 participation card,2003-07-13
TCG,DL2,,,Duelist League Series 2 participation cards,2003-07-15
OCG,307,,,Invader of Darkness,2003-07-17
TCG,PGD,,,Pharaonic Guardian,2003-07-18
OCG,SJ2,,,Structure Deck: Joey Volume 2,2003-08-07
TCG,BPT,,,Collectible Tins 2003,2003-09-01
OCG,VB6,,,The Valuable Book 6 promotional cards,2003-09-19
TCG,TP4,,,Tournament Pack 4,2003-10-01
TCG,MFC,,,Magician's Force,2003-10-10
TCG,DMG,,,Duel Master's Guide promotional cards,2003-10-28
TCG,TFK,,,Yu-Gi-Oh! The Falsebound Kingdom promotional cards,2003-11-04
TCG,TSC,,,Yu-Gi-Oh! The Sacred Cards promotional cards,2003-11-04
TCG,PCY,,,Yu-Gi-Oh! Power of Chaos: Yugi the Destiny promotional cards,2003-11-18
OCG,308,,,The Sanctuary in the Sky,2003-11-20
TCG,PCY,,,Yu-Gi-Oh! Power of Chaos: Yugi the Destiny Limited Collector's Edition,2003-11-28
TCG,DCR,,,Dark Crisis,2003-12-01
OCG,PC3,,,World Ranking Promos: Series 3,2003-12-01
OCG,SDX,,,Structure Deck: Deluxe Set,2003-12-11
OCG,SK2,,,Structure Deck: Kaiba Volume 2,2003-12-11
OCG,PC3,,,Jump Festa 2004 promotional cards,2003-12-20
OCG,PP6,,,Premium Pack 6,2003-12-20
TCG,DL4,,,Duelist League Series 4 participation card,2004-01-01
TCG,JMP,,,"Shonen Jump Vol. 2, Issue 1 promotional card",2004-01-01
OCG,BPT,,,Booster Pack Collectors Tin 2004,2004-01-21
OCG,BP1,,,Beginners Pack,2004-02-05
OCG,EX3-B,,,Yu-Gi-Oh! Duel Monsters Expert 3 Game Guide promotional card,2004-02-05
OCG,EX3,,,Yu-Gi-Oh! Duel Monsters Expert 3 promotional cards,2004-02-05
TCG,WC4,,,Yu-Gi-Oh! World Championship Tournament 2004 promotional cards,2004-02-10
OCG,309,,,Pharaoh's Inheritance,2004-02-26
OCG,309,,,Pharaoh's Inheritance: Vendor Edition,2004-02-26
TCG,IOC,,,Invasion of Chaos,2004-03-01
TCG,SKE,,,Starter Deck: Kaiba Evolution,2004-03-01
TCG,SYE,,,Starter Deck: Yugi Evolution,2004-03-01
OCG,LE6,,,Limited Edition 6,2004-03-09
TCG,DOD,,,Yu-Gi-Oh! The Dawn of Destiny promotional cards,2004-03-23
OCG,SDM,,,Structure Deck: Marik,2004-03-25
TCG,IOC-SE,,,Invasion of Chaos: Special Edition,2004-04-01
TCG,PCK,,,Yu-Gi-Oh! Power of Chaos: Kaiba the Revenge promotional cards,2004-04-06
OCG,VJC,,,V Jump June 2004 promotional card,2004-04-21
OCG,PC4,,,World Ranking Promos: Series 4,2004-05-01
TCG,EP1,,,Kids' WB! Duel of Destiny promotional card,2004-05-05
OCG,SOD,,,Soul of the Duelist,2004-05-27
OCG,SOD,,,Soul of the Duelist: Vendor Edition,2004-05-27
TCG,AST,,,Ancient Sanctuary,2004-06-01
TCG,EM1,,,Yu-Gi-Oh! Trading Card Game Tour 2004 promotional card,2004-06-19
OCG,BE1,,,Beginner's Edition 1,2004-06-24
TCG,PCJ,,,Yu-Gi-Oh! Power of Chaos: Joey the Passion promotional cards,2004-06-29
TCG,ROD,,,Yu-Gi-Oh! Reshef of Destruction promotional cards,2004-06-29
OCG,WCS,,,Yu-Gi-Oh! World Championship 2004 prize cards,2004-07-25
TCG,WCS,,,Yu-Gi-Oh! World Championship 2004 prize cards,2004-07-25
OCG,CMC-B,,,Yu-Gi-Oh! Capsule Monster Coliseum promotional cards,2004-07-29
OCG,CMC,,,Yu-Gi-Oh! Capsule Monster Coliseum promotional cards,2004-07-29
TCG,EP1,,,Exclusive Pack,2004-08-01
OCG,PP7,,,Premium Pack 7,2004-08-05
OCG,RDS,,,Rise of Destiny,2004-08-05
OCG,RDS,,,Rise of Destiny: Vendor Edition,2004-08-05
TCG,MOV,,,Movie Pack,2004-08-13
OCG,VJC,,,V Jump October 2004 promotional card,2004-08-21
OCG,VB7,,,The Valuable Book 7 promotional cards,2004-08-25
TCG,CT1,,,Collectible Tins 2004,2004-09-01
TCG,DL5,,,Duelist League Series 5 participation card,2004-09-01
OCG,VB7,,,Expert Edition Volume.1,2004-09-23
OCG,MG1,,,Master Guide promotional cards,2004-09-28
TCG,HL1,,,Hobby League 1 participation cards A,2004-10-01
TCG,SOD,,,Soul of the Duelist,2004-10-01
OCG,PC5,,,World Ranking Promos: Series 5,2004-10-01
TCG,DB1,,,Dark Beginning 1,2004-10-12
OCG,LE7,,,Limited Edition 7,2004-10-21
TCG,DBT,,,Yu-Gi-Oh! Destiny Board Traveler promotional cards,2004-10-26
TCG,TP5,,,Tournament Pack 5,2004-11-01
TCG,YMA,,,Yu-Gi-Oh! The Movie Ani-Manga promotional card,2004-11-01
OCG,MOV,,,Yu-Gi-Oh! The Movie preview distribution card,2004-11-03
OCG,FET,,,Flaming Eternity,2004-11-25
OCG,FET,,,Flaming Eternity: Vendor Edition,2004-11-25
TCG,CMC,,,Yu-Gi-Oh! Capsule Monster Coliseum promotional cards,2004-11-26
TCG,DL6,,,Duelist League Series 6 participation card,2004-12-01
TCG,HL1,,,Hobby League 1 participation cards B,2004-12-01
TCG,MC1,,,Master Collection Volume 1,2004-12-01
TCG,RDS,,,Rise of Destiny,2004-12-01
TCG,SJC,,,Shonen Jump Championship 2004 Prize Card,2004-12-01
OCG,BE2,,,Beginner's Edition 2,2004-12-09
OCG,SDX,,,Structure Deck: Deluxe Set Volume 2,2004-12-09
OCG,SD1,,,Structure Deck: Dragon's Roar,2004-12-09
OCG,SD2,,,Structure Deck: Zombie Madness,2004-12-09
OCG,PC5,,,Jump Festa 2005 promotional cards,2004-12-18
OCG,PP8,,,Premium Pack 8,2004-12-18
OCG,VJC,,,V Jump February 2005 promotional card,2004-12-20
OCG,DI2,,,Yu-Gi-Oh! Duel Monsters International 2 promotional cards,2004-12-30
TCG,JMP,,,"Shonen Jump Vol. 3, Issue 1 promotional card",2005-01-01
TCG,SD1,,,Structure Deck: Dragon's Roar,2005-01-01
TCG,SD2,,,Structure Deck: Zombie Madness,2005-01-01
OCG,BPT,,,Booster Pack Collectors Tin 2005,2005-01-20
OCG,SD3,,,Structure Deck: Blaze of Destruction,2005-01-20
OCG,SD4,,,Structure Deck: Fury from the Deep,2005-01-20
TCG,HL1,,,Hobby League 1 participation cards C,2005-02-01
TCG,RDS-SE,,,Rise of Destiny: Special Edition,2005-02-01
TCG,WC5,,,Yu-Gi-Oh! 7 Trials to Glory: World Championship Tournament 2005 promotional cards,2005-02-15
OCG,TLM,,,The Lost Millennium,2005-02-24
OCG,TLM,,,The Lost Millennium: Vendor Edition,2005-02-24
TCG,SP1,,,Flaming Eternity Sneak Peek Participation Card,2005-02-26
TCG,FET,,,Flaming Eternity,2005-03-01
OCG,EE2,,,Expert Edition Volume.2,2005-03-17
OCG,MC1,,,Master Collection Volume 1,2005-03-17
TCG,DR1,,,Dark Revelation Volume 1,2005-03-19
TCG,DL7,,,Duelist League Series 7 participation card,2005-04-01
OCG,PC6,,,World Ranking Promos: Series 6,2005-04-01
OCG,YR1,,,Yu-Gi-Oh! R Volume 1 promotional card,2005-04-03
OCG,VJC,,,V Jump June 2005 promotional card,2005-04-21
TCG,SD3,,,Structure Deck: Blaze of Destruction,2005-05-06
TCG,SD4,,,Structure Deck: Fury from the Deep,2005-05-06
OCG,CRV,,,Cybernetic Revolution,2005-05-26
OCG,CRV,,,Cybernetic Revolution: Vendor Edition,2005-05-26
TCG,SP1,,,The Lost Millennium Sneak Peek Participation Card,2005-05-28
TCG,SP1,,,"Shonen Jump Vol. 3, Issue 6 promotional card",2005-06-01
TCG,TLM,,,The Lost Millennium,2005-06-01
TCG,TP6,,,Tournament Pack 6,2005-06-01
TCG,TLM-SE,,,The Lost Millennium: Special Edition,2005-06-10
OCG,SD5,,,Structure Deck: Warrior's Triumph,2005-06-16
OCG,LE8,,,Limited Edition 8,2005-06-21
TCG,DL8,,,Duelist League Series 8 participation card,2005-06-30
OCG,JHS,,,Jump Heroes promotional card,2005-06-30
TCG,DB2,,,Dark Beginning 2,2005-07-27
OCG,NTR-B,,,Yu-Gi-Oh! Nightmare Troubadour Game Guide promotional card,2005-07-27
OCG,NTR,,,Yu-Gi-Oh! Nightmare Troubadour promotional cards,2005-07-27
OCG,PC7,,,World Ranking Promos: Series 7,2005-08-01
TCG,TYL,,,Make-A-Wish Foundation promotional card,2005-08-05
TCG,SP1,,,Cybernetic Revolution Sneak Peek Participation Card,2005-08-06
OCG,WCS-5,,,Yu-Gi-Oh! World Championship 2005 prize cards,2005-08-07
TCG,WCS-5,,,Yu-Gi-Oh! World Championship 2005 prize cards,2005-08-07
OCG,EEN,,,Elemental Energy,2005-08-11
OCG,EEN,,,Elemental Energy: Vendor Edition,2005-08-11
TCG,CRV,,,Cybernetic Revolution,2005-08-17
TCG,SJC,,,Shonen Jump Championship 2005 Prize Card,2005-08-20
OCG,VB8,,,The Valuable Book 8 promotional cards,2005-08-25
OCG,MOV-T,,,Movie Pack,2005-08-26
TCG,NTR,,,Yu-Gi-Oh! Nightmare Troubadour promotional cards,2005-08-30
TCG,CT2,,,Collectible Tins 2005,2005-09-01
TCG,SP1,,,"Shonen Jump Vol. 3, Issue 9 promotional card",2005-09-01
OCG,VJC,,,V Jump Fall 2005 subscription bonus,2005-09-20
OCG,VJC,,,V Jump November 2005 promotional card,2005-09-21
OCG,SD6,,,Structure Deck: Spellcaster's Judgment,2005-09-22
TCG,FL1,,,Forbidden Legacy,2005-10-01
OCG,DD1,,,Duel Disk,2005-10-13
OCG,GX1-B,,,Yu-Gi-Oh! GX Duel Academy Game Guide promotional card,2005-10-13
OCG,GX1,,,Yu-Gi-Oh! GX Duel Academy promotional cards,2005-10-13
TCG,DR2,,,Dark Revelation Volume 2,2005-10-20
OCG,DP2,,,Duelist Pack: Chazz Princeton,2005-10-20
OCG,DP1,,,Duelist Pack: Jaden Yuki,2005-10-20
TCG,MC2,,,Master Collection Volume 2,2005-10-24
TCG,JMP,,,Ultimate Edition,2005-10-26
TCG,SD5,,,Structure Deck: Warrior's Triumph,2005-10-28
TCG,SP1,,,"Shonen Jump Vol. 3, Issue 11 promotional card",2005-11-01
TCG,TP7,,,Tournament Pack 7,2005-11-01
TCG,SP1,,,Elemental Energy Sneak Peek Participation Card,2005-11-05
TCG,EEN,,,Elemental Energy,2005-11-16
OCG,SOI,,,Shadow of Infinity,2005-11-17
OCG,SOI,,,Shadow of Infinity: Vendor Edition,2005-11-17
TCG,EEN-SE,,,Elemental Energy: Special Edition,2005-11-30
OCG,DD2,,,Academy Duel Disk,2005-12-01
OCG,EE3,,,Expert Edition Volume.3,2005-12-08
OCG,SD7,,,Structure Deck: Invincible Fortress,2005-12-08
OCG,WJC,,,"Weekly Shōnen Jump 2006, Issue 2 promotional card",2005-12-12
OCG,TKN,,,Jump Festa 2006 promotional cards,2005-12-17
TCG,PT1,,,Pharaoh Tour 2005 promotional cards,2005-12-17
OCG,PP9,,,Premium Pack 9,2005-12-17
OCG,VJC,,,V Jump February 2006 promotional card,2005-12-17
TCG,HL2,,,Hobby League 2 participation card A,2006-01-01
TCG,HL2,,,Hobby League 2 participation card D,2006-01-01
TCG,JMP,,,"Shonen Jump Vol. 4, Issue 1 promotional card",2006-01-01
TCG,DL9,,,Duelist League Series 9 participation card,2006-01-03
TCG,GX1,,,Yu-Gi-Oh! GX Duel Academy promotional cards,2006-01-10
TCG,SD6,,,Structure Deck: Spellcaster's Judgment,2006-01-18
OCG,BPT,,,Booster Pack Collectors Tin 2006,2006-01-19
TCG,HL2,,,Hobby League 2 participation card B,2006-02-01
TCG,SP1,,,"Shonen Jump Vol. 4, Issue 2 promotional card",2006-02-01
TCG,DP2,,,Duelist Pack: Chazz Princeton,2006-02-08
TCG,DP1,,,Duelist Pack: Jaden Yuki,2006-02-08
OCG,EOJ,,,Enemy of Justice,2006-02-16
OCG,EOJ,,,Enemy of Justice: Vendor Edition,2006-02-16
TCG,SOI,,,Shadow of Infinity,2006-02-18
TCG,SP2,,,Shadow of Infinity Sneak Peek Participation Card,2006-02-18
TCG,ROD,,,Yu-Gi-Oh! Double Pack promotional cards,2006-02-22
OCG,E06-B,,,Yu-Gi-Oh! Ultimate Masters: World Championship Tournament 2006 Game Guide promotional card,2006-02-23
OCG,WC6,,,Yu-Gi-Oh! Ultimate Masters: World Championship Tournament 2006 promotional cards,2006-02-23
OCG,W6S,,,Yu-Gi-Oh! World Championship 2006 Set,2006-02-23
TCG,HL2,,,Hobby League 2 participation card C,2006-03-01
OCG,PC8,,,World Ranking Promos: Series 8,2006-03-01
TCG,DPK-SE,,,Duelist Pack: Special Edition,2006-03-09
TCG,WC6,,,Yu-Gi-Oh! Ultimate Masters: World Championship Tournament 2006 promotional cards,2006-03-14
OCG,DMG,,,Duel Master's Guide promotional cards,2006-03-15
OCG,MC2,,,Master Collection Volume 2,2006-03-16
OCG,SD8,,,Structure Deck: Lord of the Storm,2006-03-16
OCG,YSD,,,Starter Deck 2006,2006-03-23
TCG,YSD,,,Starter Deck 2006,2006-03-23
OCG,YSD-S,,,Starter Deck 2006: Special Edition,2006-03-23
TCG,SOI-SE,,,Shadow of Infinity: Special Edition,2006-04-01
TCG,GSE,,,Yu-Gi-Oh! GX Special Edition,2006-04-01
OCG,VJC,,,V Jump June 2006 promotional card,2006-04-21
OCG,ADD,,,Academy Duel Disk Limited Edition,2006-04-27
TCG,DL10,,,Duelist League Series 10 participation card,2006-04-28
TCG,TP8,,,Tournament Pack 8,2006-04-28
TCG,HL2,,,Hobby League 2 participation card E,2006-05-01
TCG,JUMP,,,Shonen Jump May 2006 subscription bonus,2006-05-01
TCG,SP2,,,"Shonen Jump Vol. 4, Issue 5 promotional card",2006-05-01
TCG,SJC,,,Shonen Jump Championship 2006 Prize Card,2006-05-06
TCG,SP2,,,Enemy of Justice Sneak Peek Participation Card,2006-05-13
TCG,SD7,,,Structure Deck: Invincible Fortress,2006-05-15
TCG,EOJ,,,Enemy of Justice,2006-05-17
OCG,POTD,,,Power of the Duelist,2006-05-18
OCG,POTD,,,Power of the Duelist: Vendor Edition,2006-05-18
OCG,LE09,,,Limited Edition 9: Ultimate Seven Pack,2006-05-20
OCG,VJC,,,V Jump Spring 2006 subscription bonus,2006-05-20
TCG,HL2,,,Hobby League 2 participation card F,2006-06-01
OCG,SD09,,,Structure Deck: Dinosaur's Rage,2006-06-22
TCG,HL03,,,Hobby League 3 participation card A,2006-07-01
OCG,WCPS-6,,,Yu-Gi-Oh! World Championship 2006 prize cards,2006-07-02
TCG,WCPS,,,Yu-Gi-Oh! World Championship 2006 prize cards,2006-07-02
TCG,SD8,,,Structure Deck: Lord of the Storm,2006-07-12
TCG,UBP1,,,Yu-Gi-Oh! GX Ultimate Beginner's Pack,2006-07-19
TCG,TKN1,,,Duel the Master: Orichalcos Challenge 2006 promotional card,2006-07-20
OCG,TKN2,,,Jump Super Game Tour 2006 participation cards,2006-07-26
OCG,WJMP,,,"Weekly Shōnen Jump 2006, Issue 35 promotional card",2006-07-31
TCG,HL03,,,Hobby League 3 participation card B,2006-08-01
TCG,JUMP,,,"Shonen Jump Vol. 4, Issue 10 promotional card",2006-08-01
TCG,JUMP,,,Yu-Gi-Oh! Duelist Volume 16 promotional card,2006-08-01
TCG,JUMP,,,Yu-Gi-Oh! Millennium World Volume 4 promotional card,2006-08-01
TCG,SP02,,,Power of the Duelist Sneak Peek Participation Card,2006-08-05
OCG,CDIP,,,Cyberdark Impact,2006-08-10
OCG,TKN,,,Cyberdark Impact 2-Pack Set,2006-08-10
TCG,P0TD,,,Power of the Duelist,2006-08-16
OCG,VJMP,,,V Jump Fall 2006 subscription bonus,2006-08-19
OCG,VJMP,,,V Jump October 2006 promotional card,2006-08-19
OCG,VB09,,,The Valuable Book 9 promotional cards,2006-08-24
TCG,HL03,,,Hobby League 3 participation card C,2006-09-01
TCG,HL03,,,Hobby League 3 participation card D,2006-09-01
OCG,YR03,,,Yu-Gi-Oh! R Volume 3 promotional card,2006-09-04
TCG,CT03,,,Collectible Tins 2006 Wave 1,2006-09-11
OCG,SD09-S,,,Structure Deck: Dinosaur's Rage Special Edition,2006-09-14
OCG,SD10,,,Structure Deck: Machine Re-Volt,2006-09-14
OCG,SD10-S,,,Structure Deck: Machine Re-Volt Special Edition,2006-09-14
OCG,GX06,,,Yu-Gi-Oh! GX Tag Force Friendship Tag Duel promotional card,2006-09-14
OCG,GX06,,,Yu-Gi-Oh! GX Tag Force promotional cards,2006-09-14
TCG,PT02,,,Pharaoh Tour 2006 Stop participation card,2006-09-17
TCG,HL03,,,Hobby League 3 participation card E,2006-10-01
TCG,HL03,,,Hobby League 3 participation card F,2006-10-01
OCG,PC09,,,World Ranking Promos: Series 9,2006-10-01
TCG,SD09,,,Structure Deck: Dinosaur's Rage,2006-10-20
TCG,SD09-SS,,,Structure Deck: Dinosaur's Rage Special Set,2006-10-25
OCG,DP05,,,Duelist Pack: Aster Phoenix,2006-10-26
OCG,DP03,,,Duelist Pack: Jaden Yuki 2,2006-10-26
OCG,DP04,,,Duelist Pack: Zane Truesdale,2006-10-26
TCG,TKN1,,,Pharaoh Tour 2006 promotional cards,2006-10-28
TCG,CT03,,,Collectible Tins 2006 Wave 2,2006-11-01
TCG,JUMP,,,"Shonen Jump Vol. 4, Issue 11 promotional card",2006-11-01
OCG,YG01,,,Yu-Gi-Oh! GX Volume 1 promotional card,2006-11-02
TCG,SP02,,,Cyberdark Impact Sneak Peek Participation Card,2006-11-04
OCG,ADDS,,,Academy Duel Disk Special Set,2006-11-09
TCG,CP01,,,Champion Pack: Game One,2006-11-11
TCG,UE02,,,Ultimate Edition 2,2006-11-11
TCG,CDIP,,,Cyberdark Impact,2006-11-15
OCG,STON,,,Strike of Neos,2006-11-16
OCG,STON,,,Strike of Neos: Vendor Edition,2006-11-16
TCG,GX02,,,Yu-Gi-Oh! GX Tag Force promotional cards,2006-11-16
TCG,DR3,,,Dark Revelation Volume 3,2006-11-25
OCG,GX03-B,,,Yu-Gi-Oh! GX Spirit Caller Game Guide promotional card,2006-11-30
OCG,GX03,,,Yu-Gi-Oh! GX Spirit Caller promotional cards,2006-11-30
TCG,HL03,,,Hobby League 3 participation card G,2006-12-01
TCG,JUMP,,,"Shonen Jump Vol. 4, Issue 12 promotional card",2006-12-01
OCG,WJMP,,,"Weekly Shōnen Jump 2007, Issue 2 promotional card",2006-12-11
OCG,SD11,,,Structure Deck: Surge of Radiance,2006-12-14
OCG,SD11-S,,,Structure Deck: Surge of Radiance Special Edition,2006-12-14
OCG,JF07,,,Jump Festa 2007 promotional cards,2006-12-16
OCG,PP10,,,Premium Pack 10,2006-12-16
OCG,VJMP,,,V Jump February 2007 promotional card,2006-12-16
TCG,MDP2,,,McDonald's Promotional Cards 2,2006-12-26
TCG,JUMP,,,"Shonen Jump Vol. 5, Issue 1 promotional card",2007-01-01
TCG,GX03,,,Yu-Gi-Oh! GX Spirit Caller promotional cards,2007-01-02
OCG,TKN,,,Strike of Neos 2-Pack Set,2007-01-15
TCG,SD10,,,Structure Deck: Machine Re-Volt,2007-01-17
OCG,BPCT,,,Booster Pack Collectors Tin 2007,2007-01-18
OCG,VJMP,,,V Jump March 2007 promotional card,2007-01-20
TCG,SJCS,,,Shonen Jump Championship 2007 Prize Card A,2007-01-27
TCG,CP02,,,Champion Pack: Game Two,2007-02-06
TCG,DP04,,,Duelist Pack: Aster Phoenix,2007-02-07
TCG,DP03,,,Duelist Pack: Jaden Yuki 2,2007-02-07
OCG,FOTB,,,Force of the Breaker,2007-02-15
OCG,FOTB,,,Force of the Breaker: Vendor Edition,2007-02-15
TCG,STON-SP,,,Strike of Neos Sneak Peek Participation Card,2007-02-24
TCG,STON,,,Strike of Neos,2007-02-28
TCG,DP05,,,Duelist Pack: Zane Truesdale,2007-03-07
OCG,SD12,,,Structure Deck: Curse of Darkness,2007-03-08
OCG,MC03,,,Master Collection Volume 3,2007-03-13
TCG,STON-SE,,,Strike of Neos: Special Edition,2007-03-14
OCG,WC07-B,,,Yu-Gi-Oh! World Championship 2007 Road to Final promotional card,2007-03-15
OCG,WC07,,,Yu-Gi-Oh! World Championship 2007 promotional cards,2007-03-15
TCG,WC07,,,Yu-Gi-Oh! World Championship 2007 promotional cards,2007-03-15
OCG,VJMP,,,V Jump Spring 2007 subscription bonus,2007-03-21
OCG,YSD2,,,Starter Deck 2007,2007-03-22
OCG,YSD2-S,,,Starter Deck 2007 Special Set,2007-03-22
TCG,HL04,,,Hobby League 4 participation card A,2007-04-01
TCG,HL04,,,Hobby League 4 participation card B,2007-04-01
OCG,TP01,,,Tournament Pack 2007 Vol.1,2007-04-01
OCG,YR04,,,Yu-Gi-Oh! R Volume 4 promotional card,2007-04-04
TCG,TKN2,,,"Toys ""R"" Us Throwdown promotional cards",2007-04-07
TCG,JUMP,,,"Shonen Jump Vol. 5, Issue 4 promotional card",2007-04-21
OCG,VJMP,,,V Jump June 2007 promotional card,2007-04-21
OCG,TKN,,,Force of the Breaker 2-Pack Set,2007-04-26
TCG,HL04,,,Hobby League 4 participation card C,2007-05-01
TCG,FOTB-SP,,,Force of the Breaker Sneak Peek Participation Card,2007-05-05
OCG,TAEV,,,Tactical Evolution,2007-05-12
TCG,CP03,,,Champion Pack: Game Three,2007-05-15
TCG,FOTB,,,Force of the Breaker,2007-05-16
OCG,LE10,,,Limited Edition 10,2007-05-21
TCG,HL04,,,Hobby League 4 participation card F,2007-06-01
TCG,JUMP,,,"Shonen Jump Vol. 5, Issue 6 promotional card",2007-06-01
OCG,SD13,,,Structure Deck: Revival of the Great Dragon,2007-06-23
TCG,FOTB-SE,,,Force of the Breaker: Special Edition,2007-06-25
TCG,HL05,,,Hobby League 5 participation card A,2007-07-01
OCG,TP02,,,Tournament Pack 2007 Vol.2,2007-07-01
OCG,TKN,,,Tactical Evolution 2-Pack Set,2007-07-13
TCG,JUMP,,,Shonen Jump 2007 subscription bonus,2007-07-15
OCG,GLAS,,,Gladiator's Assault,2007-07-21
TCG,YSDJ,,,Starter Deck: Jaden Yuki,2007-07-25
TCG,YSDS,,,Starter Deck: Syrus Truesdale,2007-07-25
TCG,PP01,,,Premium Pack,2007-07-26
OCG,WJMP,,,"Weekly Shōnen Jump 2007, Issue 35 promotional card",2007-07-28
OCG,WCPS,,,Yu-Gi-Oh! World Championship 2007 prize cards,2007-07-28
TCG,WCPS,,,Yu-Gi-Oh! World Championship 2007 prize cards,2007-07-28
TCG,HL05,,,Hobby League 5 participation card B,2007-08-01
OCG,YG02,,,Yu-Gi-Oh! GX Volume 2 promotional card,2007-08-03
TCG,HL04,,,Hobby League 4 participation card D,2007-08-04
TCG,TAEV-SP,,,Tactical Evolution Sneak Peek Participation Card,2007-08-04
OCG,YDB1,,,Yu-Gi-Oh! GX Card Almanac promotional cards,2007-08-09
TCG,TAEV,,,Tactical Evolution,2007-08-12
TCG,SJCS,,,Shonen Jump Championship 2007 Prize Card B,2007-08-18
OCG,VJMP,,,V Jump October 2007 promotional card,2007-08-21
OCG,VB10,,,The Valuable Book 10 promotional cards,2007-08-24
TCG,CT04,,,Collectible Tins 2007 Wave 1,2007-08-29
TCG,HL05,,,Hobby League 5 participation card C,2007-09-01
TCG,JUMP,,,"Shonen Jump Vol. 5, Issue 9 promotional card",2007-09-01
TCG,CP04,,,Champion Pack: Game Four,2007-09-04
TCG,TAEV-SE,,,Tactical Evolution: Special Edition,2007-09-12
OCG,VJMP,,,V Jump Fall 2007 subscription bonus,2007-09-21
OCG,EE04,,,Expert Edition Volume 4,2007-09-22
OCG,GLAS,,,Gladiator's Assault 2-Pack Set,2007-09-27
OCG,GX04-B,,,Yu-Gi-Oh! GX Tag Force 2 Master Tag Duel promotional card,2007-09-27
OCG,GX04,,,Yu-Gi-Oh! GX Tag Force 2 promotional cards,2007-09-27
TCG,GX04,,,Yu-Gi-Oh! GX Tag Force 2 promotional cards,2007-09-27
TCG,HL05,,,Hobby League 5 participation card D,2007-10-01
OCG,TP03,,,Tournament Pack 2007 Vol.3,2007-10-01
OCG,PC09,,,World Ranking Promos: Series 9,2007-10-01
TCG,PT03,,,Pharaoh Tour 2007 promotional cards,2007-10-13
OCG,DP06,,,Duelist Pack: Jaden Yuki 3,2007-10-20
OCG,DP07,,,Duelist Pack: Jesse Anderson,2007-10-20
OCG,LE11,,,Limited Edition 11,2007-10-20
TCG,SDRL,,,Rise of the Dragon Lords Structure Deck,2007-10-24
TCG,HL05,,,Hobby League 5 participation card E,2007-11-01
TCG,JUMP,,,"Shonen Jump Vol. 5, Issue 11 promotional card",2007-11-01
TCG,GXNG,,,GX Next Generation,2007-11-03
TCG,GLAS-SP,,,Gladiator's Assault Sneak Peek Participation Card,2007-11-03
TCG,YG01,,,Yu-Gi-Oh! GX Volume 1 promotional card,2007-11-06
TCG,HL04,,,Hobby League 4 participation card E,2007-11-10
TCG,EHC1,,,Yu-Gi-Oh! Elemental Hero Collection 1,2007-11-13
TCG,EHC2,,,Yu-Gi-Oh! Elemental Hero Collection 2,2007-11-13
TCG,DR04,,,Dark Revelation Volume 4,2007-11-14
TCG,GLAS,,,Gladiator's Assault,2007-11-14
TCG,LDPP,,,Light and Darkness Power Pack,2007-11-14
TCG,CT04,,,Collectible Tins 2007 Wave 2,2007-11-15
OCG,ADDR,,,Academy Duel Disk Osiris Red promotional cards,2007-11-23
OCG,PTDN,,,Phantom Darkness,2007-11-23
OCG,WC08-B,,,Yu-Gi-Oh! World Championship 2008 Complete Edition promotional card,2007-11-29
OCG,WC08,,,Yu-Gi-Oh! World Championship 2008 promotional cards,2007-11-29
TCG,YDB1,,,Yu-Gi-Oh! GX Card Almanac promotional cards,2007-11-30
TCG,HL05,,,Hobby League 5 participation card F,2007-12-01
TCG,WC08,,,Yu-Gi-Oh! World Championship 2008 promotional cards,2007-12-04
OCG,GX05,,,Yu-Gi-Oh! GX Tag Force Evolution promotional cards,2007-12-06
TCG,GLAS-SE,,,Gladiator's Assault: Special Edition,2007-12-12
OCG,SD14,,,Structure Deck: Advent of the Emperor,2007-12-15
OCG,WJMP,,,"Weekly Shōnen Jump 2008, Issue 3 promotional card",2007-12-17
OCG,VJMP,,,V Jump February 2008 promotional card,2007-12-21
OCG,JF08,,,Jump Festa 2008 promotional cards,2007-12-22
OCG,PTDN,,,Phantom Darkness 2-Pack Set,2007-12-22
OCG,PP11,,,Premium Pack 11,2007-12-22
TCG,JUMP,,,"Shonen Jump Vol. 6, Issue 1 promotional card",2008-01-01
OCG,TP04,,,Tournament Pack 2007 Vol.4,2008-01-01
TCG,CP05,,,Champion Pack: Game Five,2008-01-08
TCG,GX05,,,Yu-Gi-Oh! GX Tag Force Evolution promotional cards,2008-01-08
OCG,DPC1,,,Duelist Pack Collection,2008-01-12
TCG,JUMP,,,Limited Edition 1,2008-01-16
TCG,HL06,,,Hobby League 6 participation card A,2008-01-21
OCG,VJMP,,,V Jump March 2008 promotional card,2008-01-21
TCG,DP06,,,Duelist Pack: Jaden Yuki 3,2008-01-26
TCG,DP07,,,Duelist Pack: Jesse Anderson,2008-01-26
TCG,PTDN-SP,,,Phantom Darkness Sneak Peek Participation Card,2008-01-26
TCG,HL06,,,Hobby League 6 participation card B,2008-02-01
TCG,JUMP,,,"Shonen Jump Vol. 6, Issue 3 promotional card",2008-02-01
TCG,PTDN,,,Phantom Darkness,2008-02-13
OCG,VJMP,,,V Jump April 2008 promotional card,2008-02-21
OCG,LODT,,,Light of Destruction,2008-02-23
TCG,HL06,,,Hobby League 6 participation card C,2008-03-01
OCG,LODT,,,Light of Destruction 2-Pack Set,2008-03-08
TCG,SJCS,,,Shonen Jump Championship 2008 Prize Card,2008-03-08
TCG,DPCT,,,Duelist Pack Collection Tin 2008,2008-03-11
OCG,YSD3,,,Starter Deck 2008,2008-03-15
TCG,PTDN-SE,,,Phantom Darkness: Special Edition,2008-03-18
OCG,VJMP,,,V Jump Spring 2008 subscription bonus,2008-03-20
TCG,DPCT,,,Duelist Pack Collection Tin: Jaden Yuki,2008-03-23
OCG,MG02,,,Master Guide 2 promotional cards,2008-03-28
OCG,WJMP,,,"Weekly Shōnen Jump 2008, Issue 18 promotional card",2008-03-31
TCG,HL06,,,Hobby League 6 participation card D,2008-04-01
OCG,TP05,,,Tournament Pack 2008 Vol.1,2008-04-01
TCG,GLD1,,,Gold Series,2008-04-02
TCG,SDDE,,,The Dark Emperor Structure Deck,2008-04-02
OCG,YR05,,,Yu-Gi-Oh! R Volume 5 promotional card,2008-04-04
OCG,DT01,,,Duel Terminal - Synchro Awakening!!,2008-04-12
OCG,TDGS,,,The Duelist Genesis,2008-04-19
OCG,VJMP,,,V Jump June 2008 promotional card,2008-04-21
TCG,HL06,,,Hobby League 6 participation card E,2008-05-01
TCG,JUMP,,,Shonen Jump May 2008 subscription bonus,2008-05-01
TCG,JUMP,,,"Shonen Jump Vol. 6, Issue 5 promotional card",2008-05-01
OCG,YG03,,,Yu-Gi-Oh! GX Volume 3 promotional card,2008-05-02
TCG,LODT-SP,,,Light of Destruction Sneak Peek Participation Card,2008-05-03
TCG,CP06,,,Champion Pack: Game Six,2008-05-12
TCG,LODT,,,Light of Destruction,2008-05-13
OCG,LE12,,,Limited Edition 12,2008-05-21
TCG,HL06,,,Hobby League 6 participation card F,2008-06-01
OCG,TDGS,,,The Duelist Genesis 2-Pack Set,2008-06-08
TCG,LODT-SE,,,Light of Destruction: Special Edition,2008-06-18
OCG,SD15,,,Structure Deck: Undead World,2008-06-21
OCG,DT02,,,Duel Terminal - Invasion of Worms!!,2008-06-24
TCG,HL07,,,Hobby League 7 participation card A,2008-07-01
OCG,TP06,,,Tournament Pack 2008 Vol.2,2008-07-01
OCG,DT02-B,,,Duel Terminal Acceleration Guide promotional card,2008-07-03
TCG,RP01,,,Retro Pack,2008-07-08
OCG,CSOC,,,Crossroads of Chaos,2008-07-19
OCG,LE13,,,Limited Edition 13,2008-07-21
TCG,PP02,,,Premium Pack 2,2008-07-31
TCG,HL07,,,Hobby League 7 participation card B,2008-08-01
TCG,JUMP,,,Shonen Jump August 2008 subscription bonus,2008-08-01
TCG,DTP1,,,Duel Terminal - Preview Wave 1,2008-08-04
OCG,WJMP,,,"Weekly Shōnen Jump 2008, Issue 36 promotional card",2008-08-04
TCG,JUMP,,,Shonen Jump Fifth Anniversary Collector's Issue promotional card,2008-08-05
TCG,5DS1,,,Starter Deck: Yu-Gi-Oh! 5D's,2008-08-05
TCG,TDGS-SP,,,The Duelist Genesis Sneak Peek Participation Card,2008-08-09
OCG,WCPS-8,,,Yu-Gi-Oh! World Championship 2008 prize cards,2008-08-10
TCG,WCPS,,,Yu-Gi-Oh! World Championship 2008 prize cards,2008-08-10
TCG,CT05,,,Collectible Tins 2008 Wave 1,2008-08-18
TCG,TKN3,,,Token Pack,2008-08-18
OCG,VB11,,,The Valuable Book 11 promotional cards,2008-08-21
OCG,VJCS,,,V Jump Card Festa 2008 promotional card,2008-08-21
OCG,VJMP,,,V Jump October 2008 promotional card,2008-08-21
OCG,CSOC,,,Crossroads of Chaos 2-Pack Set,2008-08-31
TCG,CP07,,,Champion Pack: Game Seven,2008-09-01
TCG,HL07,,,Hobby League 7 participation card C,2008-09-01
TCG,JUMP,,,"Shonen Jump Vol. 6, Issue 9 promotional card",2008-09-01
TCG,TDGS,,,The Duelist Genesis,2008-09-02
OCG,EXP1,,,Extra Pack,2008-09-13
OCG,AT08,,,Jump Super Anime Tour 2008 promotional card,2008-09-21
OCG,VJMP,,,V Jump Fall 2008 subscription bonus,2008-09-21
OCG,DT03,,,Duel Terminal - Justice Strikes Back!!,2008-09-22
TCG,CT05-S,,,Collectible Tins Exclusive 2008,2008-09-23
TCG,HL07,,,Hobby League 7 participation card D,2008-10-01
OCG,TP07,,,Tournament Pack 2008 Vol.3,2008-10-01
TCG,TDGS-SE,,,The Duelist Genesis: Special Edition,2008-10-07
OCG,DP08,,,Duelist Pack: Yusei,2008-10-18
OCG,LE14,,,Limited Edition 14,2008-10-21
TCG,SDZW,,,Zombie World Structure Deck,2008-10-21
TCG,CSOC-SP,,,Crossroads of Chaos Sneak Peek Participation Card,2008-11-01
TCG,HL07,,,Hobby League 7 participation card E,2008-11-01
TCG,CT05,,,Collectible Tins 2008 Wave 2,2008-11-03
TCG,YG02,,,Yu-Gi-Oh! GX Volume 2 promotional card,2008-11-04
OCG,YG04,,,Yu-Gi-Oh! GX Volume 4 promotional card,2008-11-04
TCG,JUMP,,,"Shonen Jump Vol. 6, Issue 12 promotional card",2008-11-05
OCG,CRMS,,,Crimson Crisis,2008-11-15
OCG,DB01,,,Duelist Box,2008-11-15
TCG,CSOC,,,Crossroads of Chaos,2008-11-18
TCG,DLG1,,,Dark Legends,2008-11-21
OCG,GX06-B,,,Yu-Gi-Oh! GX Tag Force 3 Climax Tag Duel promotional card,2008-11-27
OCG,GX06,,,Yu-Gi-Oh! GX Tag Force 3 promotional cards,2008-11-27
TCG,GX06,,,Yu-Gi-Oh! GX Tag Force 3 promotional cards,2008-11-28
TCG,HL07,,,Hobby League 7 participation card F,2008-12-01
OCG,DT04,,,Duel Terminal - Demon Roar God Revival!!,2008-12-04
TCG,YAP1,,,Anniversary Pack,2008-12-08
TCG,CSOC-SE,,,Crossroads of Chaos: Special Edition,2008-12-09
OCG,DT04-B,,,Duel Terminal Acceleration Guide 2 promotional card,2008-12-11
OCG,SD16,,,Structure Deck: Lord of Magician,2008-12-13
OCG,WJMP,,,"Weekly Shōnen Jump 2009, Issue 3 promotional card",2008-12-15
OCG,YAP1,,,Anniversary Pack,2008-12-20
OCG,JF09,,,Jump Festa 2009 - Promotion Pack,2008-12-20
OCG,VJMP,,,V Jump February 2009 promotional card,2008-12-20
OCG,CRMS,,,Crimson Crisis 2-Pack Set,2008-12-27
OCG,SD16-SE,,,Structure Deck: Lord of Magician Limited Edition,2008-12-27
TCG,JUMP,,,"Shonen Jump Vol. 7, Issue 1 promotional card",2009-01-01
OCG,TP08,,,Tournament Pack 2008 Vol.4,2009-01-01
TCG,CP08,,,Champion Pack: Game Eight,2009-01-05
OCG,CT09,,,Collectors Tin 2009,2009-01-17
OCG,GS01,,,Gold Series,2009-01-17
OCG,VJMP,,,V Jump March 2009 promotional card,2009-01-21
TCG,JUMP,,,Shonen Jump February 2009 subscription bonus,2009-02-01
TCG,JUMP,,,"Shonen Jump Vol. 7, Issue 3 promotional card",2009-02-01
OCG,RGBT,,,Raging Battle,2009-02-14
OCG,VJMP,,,V Jump April 2009 promotional card,2009-02-21
TCG,DP08,,,Duelist Pack: Yusei,2009-02-24
TCG,CRMS,,,Crimson Crisis,2009-02-28
TCG,CRMS-SP,,,Crimson Crisis Sneak Peek Participation Card,2009-02-28
TCG,DPCT,,,Duelist Pack Collection Tin 2009,2009-03-10
OCG,YSD4,,,Starter Deck 2009,2009-03-14
OCG,VJMP,,,V Jump Spring 2009 subscription bonus,2009-03-21
OCG,WB01-B,,,Yu-Gi-Oh! 5D's Wheelie Breakers Perfect Ride promotional card,2009-03-26
OCG,WB01,,,Yu-Gi-Oh! 5D's Wheelie Breakers promotional cards,2009-03-26
OCG,WC09-B,,,Yu-Gi-Oh! 5D's World Championship 2009: Stardust Accelerator Victory Road promotional card,2009-03-26
OCG,WC09,,,Yu-Gi-Oh! 5D's World Championship 2009: Stardust Accelerator promotional cards,2009-03-26
OCG,RGBT,,,Raging Battle 2-Pack Set,2009-03-28
TCG,SDSC,,,Spellcaster's Command Structure Deck,2009-03-31
TCG,SDSC-SE,,,Spellcaster's Command Structure Deck: Special Edition,2009-03-31
OCG,TP09,,,Tournament Pack 2009 Vol.1,2009-04-01
TCG,CRMS-SE,,,Crimson Crisis: Special Edition,2009-04-07
OCG,DT05,,,Duel Terminal - Champion of Chaos!!,2009-04-14
OCG,ANPR,,,Ancient Prophecy,2009-04-18
TCG,GLD2,,,Gold Series 2009,2009-04-21
OCG,VJMP,,,V Jump June 2009 promotional card,2009-04-21
TCG,SJCS,,,Shonen Jump Championship 2009 Prize Card,2009-04-26
TCG,JUMP,,,"Shonen Jump Vol. 7, Issue 6 promotional card",2009-05-01
OCG,YG05,,,Yu-Gi-Oh! GX Volume 5 promotional card,2009-05-01
TCG,RGBT-SP,,,Raging Battle Sneak Peek Participation Card,2009-05-02
TCG,RGBT,,,Raging Battle,2009-05-12
TCG,WB01,,,Yu-Gi-Oh! 5D's Wheelie Breakers promotional cards,2009-05-19
TCG,WC09,,,Yu-Gi-Oh! 5D's World Championship 2009: Stardust Accelerator promotional cards,2009-05-19
OCG,LE15,,,Limited Edition 15,2009-05-21
OCG,ANPR,,,Ancient Prophecy 2-Pack Set,2009-05-30
TCG,YG03,,,Yu-Gi-Oh! GX Volume 3 promotional card,2009-06-02
OCG,LE16,,,Limited Edition 16,2009-06-06
TCG,5DS2,,,Starter Deck: Yu-Gi-Oh! 5D's 2009,2009-06-09
TCG,YR01,,,Yu-Gi-Oh! R Volume 1 promotional card,2009-06-10
TCG,DTP1,,,Duel Terminal - Preview Wave 2,2009-06-20
OCG,SD17,,,Structure Deck: Warriors' Strike,2009-06-20
TCG,RGBT-SE,,,Raging Battle: Special Edition,2009-06-23
OCG,DT06-B,,,Duel Terminal Acceleration Guide 3 promotional card,2009-07-01
OCG,TP10,,,Tournament Pack 2009 Vol.2,2009-07-01
OCG,DT06,,,Duel Terminal - Dragunity of the Hurricane!!,2009-07-03
TCG,DPYG,,,Duelist Pack: Yugi,2009-07-07
TCG,TKN4,,,Yu-Gi-Oh! 5D's National Championship 2009 promotional cards,2009-07-10
OCG,SOVR,,,Stardust Overdrive,2009-07-18
TCG,RP02,,,Retro Pack 2,2009-07-28
TCG,DL09,,,Duelist League 2010 participation cards,2009-08-01
OCG,WJMP,,,"Weekly Shōnen Jump 2009, Issue 36 promotional card",2009-08-03
OCG,WCPS-9,,,Yu-Gi-Oh! World Championship 2009 prize cards,2009-08-09
TCG,WCPS,,,Yu-Gi-Oh! World Championship 2009 prize cards,2009-08-09
TCG,TU01,,,Turbo Pack: Booster One,2009-08-12
TCG,ANPR-SP,,,Ancient Prophecy Sneak Peek Participation Card,2009-08-15
TCG,CT06,,,Collectible Tins 2009 Wave 1,2009-08-18
OCG,VB12,,,The Valuable Book 12 promotional cards,2009-08-21
OCG,VJCF,,,V Jump Card Festa 2009 promotional card,2009-08-21
OCG,VJMP,,,V Jump October 2009 promotional card,2009-08-21
OCG,SOVR,,,Stardust Overdrive 2-Pack Set,2009-08-30
TCG,ANPR,,,Ancient Prophecy,2009-09-01
TCG,JUMP,,,"Shonen Jump Vol. 7, Issue 9 promotional card",2009-09-01
OCG,TF04-B,,,Yu-Gi-Oh! 5D's Tag Force 4 Complete Tag Duel promotional card,2009-09-17
OCG,TF04,,,Yu-Gi-Oh! 5D's Tag Force 4 promotional cards,2009-09-17
OCG,EXP2,,,Extra Pack Volume 2,2009-09-19
OCG,VJMP,,,V Jump Fall 2009 subscription bonus,2009-09-21
OCG,DDY1,,,Duel Disk - Yusei Version,2009-09-26
OCG,DT07,,,Duel Terminal - Charge of the Genex!!,2009-10-01
OCG,TP11,,,Tournament Pack 2009 Vol.3,2009-10-01
TCG,ANPR-SE,,,Ancient Prophecy: Special Edition,2009-10-09
OCG,DP09,,,Duelist Pack: Yusei 2,2009-10-17
OCG,LE17,,,Limited Edition 17,2009-10-21
TCG,SDWS,,,Warriors' Strike Structure Deck,2009-10-27
TCG,SOVR-SP,,,Stardust Overdrive Sneak Peek Participation Card,2009-10-31
TCG,ANPR-TK,,,Ancient Prophecy Plus,2009-11-01
TCG,DDY1,,,Duel Disk - Yusei Version,2009-11-01
TCG,JUMP,,,"Shonen Jump Vol. 7, Issue 11 promotional card",2009-11-01
TCG,CT06,,,Collectible Tins 2009 Wave 2,2009-11-03
OCG,YG06,,,Yu-Gi-Oh! GX Volume 6 promotional card,2009-11-04
TCG,HA01,,,Hidden Arsenal,2009-11-05
TCG,SOVR,,,Stardust Overdrive,2009-11-12
TCG,TF04,,,Yu-Gi-Oh! 5D's Tag Force 4 promotional cards,2009-11-17
OCG,ABPF,,,Absolute Powerforce,2009-11-18
OCG,ABPF,,,Absolute Powerforce 2-Pack Set,2009-11-18
OCG,DDY2,,,Duel Disk - Yusei Version DX,2009-11-21
TCG,SOVR-TK,,,Stardust Overdrive Plus,2009-12-01
OCG,SD18,,,Structure Deck: Machiners Command,2009-12-12
OCG,WJMP,,,"Weekly Shōnen Jump 2010, Issue 2 promotional card",2009-12-14
TCG,SOVR-SE,,,Stardust Overdrive: Special Edition,2009-12-15
OCG,JF10,,,Jump Festa 2010 - Promotion Pack,2009-12-19
OCG,PP12,,,Premium Pack 12,2009-12-19
OCG,VJMP,,,V Jump February 2010 promotional card,2009-12-19
TCG,JUMP,,,"Shonen Jump Vol. 8, Issue 1 promotional card",2010-01-01
OCG,TP12,,,Tournament Pack 2009 Vol.4,2010-01-01
TCG,YG04,,,Yu-Gi-Oh! GX Volume 4 promotional card,2010-01-04
TCG,TWED,,,Twilight Edition,2010-01-05
TCG,TU02,,,Turbo Pack: Booster Two,2010-01-09
OCG,DT08,,,Duel Terminal - Pulse of the Trishula!!,2010-01-21
OCG,DT08-B,,,Duel Terminal Acceleration Guide 4 promotional card,2010-01-21
OCG,VJMP,,,V Jump April 2010 promotional card,2010-01-21
OCG,VJMP,,,V Jump March 2010 promotional card,2010-01-21
OCG,GS02,,,Gold Series 2010,2010-01-23
OCG,MFC1,,,Monster Figure Collection promotional cards,2010-01-23
OCG,MOV2,,,Yu-Gi-Oh! 3D Bonds Beyond Time Theater distribution card,2010-01-23
TCG,DP09,,,Duelist Pack: Yusei 2,2010-01-26
TCG,DT01,,,Duel Terminal 1,2010-01-29
TCG,ABPF-TK,,,Absolute Powerforce Plus,2010-02-01
TCG,YR03,,,Yu-Gi-Oh! R Volume 3 promotional card,2010-02-02
TCG,ABPF-SP,,,Absolute Powerforce Sneak Peek Participation Card,2010-02-06
TCG,ABPF,,,Absolute Powerforce,2010-02-16
OCG,WC10-B,,,Yu-Gi-Oh! 5D's World Championship 2010: Reverse of Arcadia Perfect Duel promotional card,2010-02-18
OCG,WC10,,,Yu-Gi-Oh! 5D's World Championship 2010: Reverse of Arcadia promotional cards,2010-02-18
OCG,TSHD,,,The Shining Darkness,2010-02-20
TCG,SDMM,,,Machina Mayhem Structure Deck,2010-02-23
TCG,WC10,,,Yu-Gi-Oh! 5D's World Championship 2010: Reverse of Arcadia promotional cards,2010-02-23
TCG,JUMP,,,Shonen Jump March 2010 subscription bonus,2010-03-01
TCG,JUMP,,,"Shonen Jump Vol. 8, Issue 3 promotional card",2010-03-01
TCG,DPCT,,,Duelist Pack Collection Tin 2010,2010-03-04
OCG,YSD5,,,Starter Deck 2010,2010-03-20
OCG,VJMP,,,V Jump Spring 2010 subscription bonus,2010-03-20
OCG,TSHD,,,The Shining Darkness 2-Pack Set,2010-03-27
TCG,ABPF-SP,,,Absolute Powerforce: Special Edition,2010-03-30
OCG,TP13,,,Tournament Pack 2010 Vol.1,2010-04-01
OCG,DREV,,,Duelist Revolution,2010-04-17
TCG,DPKB,,,Duelist Pack: Kaiba,2010-04-20
OCG,VJMP,,,V Jump June 2010 promotional card,2010-04-21
OCG,DT09,,,Duel Terminal - Vylon Descends!!,2010-04-27
TCG,YR04,,,Yu-Gi-Oh! R Volume 4 promotional card,2010-04-29
OCG,YF01,,,Yu-Gi-Oh! 5D's Volume 1 promotional card,2010-04-30
OCG,YGO7,,,Yu-Gi-Oh! GX Volume 7 promotional card,2010-04-30
TCG,JUMP,,,Shonen Jump May 2010 subscription bonus,2010-05-01
TCG,JUMP,,,"Shonen Jump Vol. 8, Issue 5 promotional card",2010-05-01
TCG,TSHD-SP,,,The Shining Darkness Sneak Peek Participation Card,2010-05-01
TCG,TSHD,,,The Shining Darkness,2010-05-11
TCG,YCSW,,,Yu-Gi-Oh! Championship Series 2010 Prize Cards,2010-05-15
OCG,VE01,,,V Jump Edition,2010-05-21
TCG,DT02,,,Duel Terminal 2,2010-05-25
OCG,DREV,,,Duelist Revolution 2-Pack Set,2010-05-29
OCG,MFC2,,,Monster Figure Collection Volume 2 promotional cards,2010-05-29
TCG,5DS3,,,Starter Deck: Duelist Toolbox,2010-06-01
TCG,YR05,,,Yu-Gi-Oh! R Volume 5 promotional card,2010-06-02
OCG,SD19,,,Structure Deck: Dragunity Drive,2010-06-19
OCG,VE02,,,V Jump Edition 2,2010-06-21
TCG,GLD3,,,Gold Series 3,2010-06-23
TCG,JUMP,,,"Shonen Jump Vol. 8, Issue 7 promotional card",2010-07-01
OCG,TP12,,,Tournament Pack 2010 Vol.2,2010-07-01
TCG,TU03,,,Turbo Pack: Booster Three,2010-07-12
OCG,TKN4,,,Continuous Token Gifts Promotional Cards,2010-07-17
OCG,STBL,,,Starstrike Blast,2010-07-17
TCG,HA02,,,Hidden Arsenal 2,2010-07-20
OCG,DT10,,,Duel Terminal - Raid of the Inverz!!,2010-08-03
OCG,DT10-B,,,Duel Terminal Acceleration Guide 5 promotional card,2010-08-03
TCG,DREV,,,Duelist Revolution Sneak Peek Participation Card,2010-08-07
OCG,WJMP,,,"Weekly Shōnen Jump 2010, Issue 36–37 promotional card",2010-08-09
TCG,WCPP,,,World Championship 2010 Card Pack,2010-08-14
OCG,2010,,,Yu-Gi-Oh! World Championship 2010 prize cards,2010-08-15
TCG,2010,,,Yu-Gi-Oh! World Championship 2010 prize cards,2010-08-15
TCG,DREV,,,Duelist Revolution,2010-08-17
OCG,VB13,,,The Valuable Book 13 promotional cards,2010-08-20
OCG,VJCF,,,V Jump Card Festa 2010 promotional card,2010-08-21
OCG,VJMP,,,V Jump October 2010 promotional card,2010-08-21
TCG,CT07,,,Collectible Tins 2010 Wave 1,2010-08-26
OCG,STBL,,,Starstrike Blast 2-Pack Set,2010-08-26
TCG,JUMP,,,"Shonen Jump Vol. 8, Issue 9 promotional card",2010-09-01
OCG,TF05-B,,,Yu-Gi-Oh! 5D's Tag Force 5 Advance Tag Duel promotional card,2010-09-16
OCG,TF05,,,Yu-Gi-Oh! 5D's Tag Force 5 promotional cards,2010-09-16
OCG,EXP3,,,Extra Pack Volume 3,2010-09-18
TCG,DREV-SE,,,Duelist Revolution: Special Edition,2010-09-21
OCG,VJMP,,,V Jump Fall 2010 subscription bonus,2010-09-21
TCG,DT03,,,Duel Terminal 3,2010-09-25
OCG,MFC3,,,Monster Figure Collection Volume 3 promotional cards,2010-09-25
OCG,TP15,,,Tournament Pack 2010 Vol.3,2010-10-01
OCG,YG08,,,Yu-Gi-Oh! GX Volume 8 promotional card,2010-10-04
TCG,LC01,,,Legendary Collection,2010-10-05
TCG,YG05,,,Yu-Gi-Oh! GX Volume 5 promotional card,2010-10-05
OCG,DP11,,,Duelist Pack: Crow,2010-10-16
OCG,DP10,,,Duelist Pack: Yusei 3,2010-10-16
TCG,SDMA,,,Structure Deck: Marik,2010-10-19
OCG,VE03,,,V Jump Edition 3,2010-10-21
OCG,VE04,,,V Jump Edition 4,2010-10-21
TCG,TF05,,,Yu-Gi-Oh! 5D's Tag Force 5 promotional cards,2010-10-26
TCG,JUMP,,,"Shonen Jump Vol. 8, Issue 11 promotional card",2010-11-01
TCG,CT07,,,Collectible Tins 2010 Wave 2,2010-11-02
TCG,STBL-SP,,,Starstrike Blast Sneak Peek Participation Card,2010-11-06
OCG,PR01,,,Promotion Pack,2010-11-13
OCG,STOR,,,Storm of Ragnarok,2010-11-13
TCG,STBL,,,Starstrike Blast,2010-11-16
TCG,TU04,,,Turbo Pack: Booster Four,2010-11-19
OCG,DDY3,,,Duel Disk - Yusei Version DX 2010,2010-11-20
TCG,YDT1,,,Yu-Gi-Oh! 5D's Duel Transer promotional cards,2010-11-21
TCG,XSPU,,,X-Saber Power-Up,2010-11-23
OCG,DT11,,,Duel Terminal - Judgment of Omega!!,2010-12-01
TCG,DL11,,,Duelist League 2 participation cards,2010-12-01
TCG,JUMP,,,Shonen Jump December 2010 subscription bonus,2010-12-01
TCG,HL03,,,Hidden Arsenal 3,2010-12-02
OCG,SD20,,,Structure Deck: Lost Sanctuary,2010-12-11
OCG,WJMP,,,"Weekly Shōnen Jump 2011, Issue 2 promotional card",2010-12-13
OCG,JF11,,,Jump Festa 2011 - Promotion Pack,2010-12-18
OCG,VJMP,,,V Jump February 2011 promotional card,2010-12-18
OCG,STOR,,,Storm of Ragnarok 2-Pack Set,2010-12-22
OCG,PP13,,,Premium Pack 13,2010-12-29
OCG,YF02,,,Yu-Gi-Oh! 5D's Volume 2 promotional card,2010-12-29
TCG,JUMP,,,"Shonen Jump Scholastic Edition Vol. 9, Issue 1 promotional card",2011-01-01
TCG,JUMP,,,"Shonen Jump Vol. 9, Issue 1 promotional card",2011-01-01
OCG,TP16,,,Tournament Pack 2010 Vol.4,2011-01-01
OCG,GS03,,,Gold Series 2011,2011-01-15
OCG,VJMP,,,V Jump March 2011 promotional card,2011-01-21
TCG,DT04,,,Duel Terminal 4,2011-01-25
TCG,DP10,,,Duelist Pack: Yusei 3,2011-01-25
TCG,STOR-SP,,,Storm of Ragnarok Sneak Peek Participation Card,2011-02-05
TCG,STOR,,,Storm of Ragnarok,2011-02-08
OCG,EXVC,,,Extreme Victory,2011-02-11
OCG,PR02,,,Promotion Pack 2,2011-02-11
TCG,DEM1,,,Demo Pack,2011-02-12
OCG,VJMP,,,V Jump April 2011 promotional card,2011-02-21
OCG,WC11-B,,,Yu-Gi-Oh! 5D's World Championship 2011: Over the Nexus Road to Victory promotional card,2011-02-24
OCG,WC11,,,Yu-Gi-Oh! 5D's World Championship 2011: Over the Nexus promotional cards,2011-02-24
OCG,YMP1,,,Yu-Gi-Oh! 3D Bonds Beyond Time Movie Pack,2011-02-26
TCG,YMP1,,,Yu-Gi-Oh! 3D Bonds Beyond Time Movie Pack,2011-02-26
TCG,MOV2,,,Yu-Gi-Oh! 3D Bonds Beyond Time Theater distribution card,2011-02-26
TCG,JUMP,,,"Shonen Jump Vol. 9, Issue 3 promotional card",2011-03-01
TCG,YG06,,,Yu-Gi-Oh! GX Volume 6 promotional card,2011-03-01
TCG,SDDL,,,Dragunity Legion Structure Deck,2011-03-04
OCG,YSD6,,,Starter Deck 2011,2011-03-19
OCG,VJMP,,,V Jump Spring 2011 subscription bonus,2011-03-21
TCG,STOR-SE,,,Storm of Ragnarok: Special Edition,2011-03-22
OCG,EXVC,,,Extreme Victory 2-Pack Set,2011-03-24
TCG,WC11,,,Yu-Gi-Oh! 5D's World Championship 2011: Over the Nexus promotional cards,2011-03-24
OCG,MG03,,,Master Guide 3 promotional cards,2011-03-25
TCG,JUMP,,,"Shonen Jump Vol. 9, Issue 4 promotional card",2011-04-01
TCG,JUMP,,,"Shonen Jump Vol. 9, Issue 6 promotional card",2011-04-01
OCG,TP17,,,Tournament Pack 2011 Vol.1,2011-04-01
TCG,DPCT,,,Duelist Pack Collection Tin 2011,2011-04-05
TCG,TU05,,,Turbo Pack: Booster Five,2011-04-09
TCG,HA04,,,Hidden Arsenal 4: Trishula's Triumph,2011-04-14
OCG,GENF,,,Generation Force,2011-04-16
OCG,VJMP,,,V Jump June 2011 promotional card,2011-04-21
OCG,YDT1-B,,,Yu-Gi-Oh! 5D's Duel Transer Generate Guide promotional card,2011-04-21
OCG,YDT1,,,Yu-Gi-Oh! 5D's Duel Transer promotional cards,2011-04-21
OCG,DT12,,,Duel Terminal - Xyz Startup!!,2011-04-26
OCG,DT12-B,,,Duel Terminal Overlay Guide promotional card,2011-04-26
TCG,EXVC-SP,,,Extreme Victory Sneak Peek Participation Card,2011-04-30
TCG,EXVC,,,Extreme Victory,2011-05-05
OCG,BE01,,,Beginner's Edition 1,2011-05-14
TCG,WQ11,,,Yu-Gi-Oh! World Championship Qualifier National Championships 2011 prize cards,2011-05-15
OCG,VE05,,,V Jump Edition 5,2011-05-21
OCG,GENF,,,Generation Force 2-Pack Set,2011-05-28
TCG,DT05,,,Duel Terminal 5a,2011-05-29
TCG,DP11,,,Duelist Pack: Crow,2011-05-31
TCG,DL12,,,Duelist League 3 participation cards,2011-06-01
TCG,JUMP,,,Shonen Jump June/July 2011 subscription bonus,2011-06-01
OCG,YG09,,,Yu-Gi-Oh! GX Volume 9 promotional card,2011-06-03
OCG,YZ01,,,Yu-Gi-Oh! ZEXAL Volume 1 promotional card,2011-06-03
TCG,SDLS,,,Lost Sanctuary Structure Deck,2011-06-09
TCG,HASE,,,Hidden Arsenal: Special Edition,2011-06-12
OCG,MOV2,,,Yu-Gi-Oh! 3D Bonds Beyond Time Blu-ray promotional card,2011-06-15
OCG,MOV2,,,Yu-Gi-Oh! 3D Bonds Beyond Time DVD promotional card,2011-06-15
OCG,SD21,,,Structure Deck: Devil's Gate,2011-06-18
TCG,GLD4,,,Gold Series 4: Pyramids Edition,2011-07-01
OCG,TP18,,,Tournament Pack 2011 Vol.2,2011-07-01
TCG,YF01,,,Yu-Gi-Oh! 5D's Volume 1 promotional card,2011-07-06
TCG,YS11,,,Starter Deck: Dawn of the Xyz,2011-07-12
OCG,PHSW,,,Photon Shockwave,2011-07-16
TCG,HASE,,,Hidden Arsenal: Special Edition,2011-07-21
TCG,WP11,,,World Championship 2011 Card Pack,2011-08-01
TCG,TU06,,,Turbo Pack: Booster Six,2011-08-04
TCG,GENF-SP,,,Generation Force Sneak Peek Participation Card,2011-08-06
TCG,YCSW,,,Yu-Gi-Oh! Championship Series 2011 Prize Card,2011-08-06
OCG,WJMP,,,"Weekly Shōnen Jump 2011, Issue 35–36 promotional card",2011-08-08
OCG,BE02,,,Beginner's Edition 2,2011-08-13
OCG,2011,,,Yu-Gi-Oh! World Championship 2011 prize cards,2011-08-14
TCG,2011,,,Yu-Gi-Oh! World Championship 2011 prize cards,2011-08-14
TCG,GENF,,,Generation Force,2011-08-16
TCG,YG07,,,Yu-Gi-Oh! GX Volume 7 promotional card,2011-08-18
OCG,VB14,,,The Valuable Book 14 promotional cards,2011-08-20
OCG,VF11,,,V Jump Festa 2011 promotional card,2011-08-20
OCG,VJMP,,,V Jump October 2011 promotional card,2011-08-20
TCG,CT08,,,Collectible Tins 2011 Wave 1,2011-08-25
OCG,PHSW,,,Photon Shockwave 2-Pack Set,2011-08-27
TCG,JUMP,,,"Shonen Jump Vol. 9, Issue 8 promotional card",2011-09-01
OCG,YF03,,,Yu-Gi-Oh! 5D's Volume 3 promotional card,2011-09-03
TCG,GENF-SE,,,Generation Force: Special Edition,2011-09-15
OCG,EXP4,,,Extra Pack Volume 4,2011-09-17
OCG,VJMP,,,V Jump Fall 2011 subscription bonus,2011-09-21
OCG,TF06-B,,,Yu-Gi-Oh! 5D's Tag Force 6 Limit Over Tag Duel promotional card,2011-09-22
OCG,TF06,,,Yu-Gi-Oh! 5D's Tag Force 6 promotional cards,2011-09-22
TCG,DT05,,,Duel Terminal 5b,2011-09-29
OCG,TP19,,,Tournament Pack 2011 Vol.3,2011-10-01
OCG,DT13,,,Duel Terminal - Sacred Star Knights!!,2011-10-04
TCG,LC02,,,Legendary Collection 2: The Duel Academy Years,2011-10-04
TCG,LCGX,,,Legendary Collection 2: The Duel Academy Years Mega Pack,2011-10-04
OCG,DP12,,,Duelist Pack: Yuma,2011-10-15
TCG,SDGU,,,Gates of the Underworld Structure Deck,2011-10-18
OCG,VE06,,,V Jump Edition 6,2011-10-21
TCG,CT08,,,Collectible Tins 2011 Wave 2,2011-11-01
TCG,YS11,,,Next-Gen Dueling Kit,2011-11-01
TCG,PHSW-SP,,,Photon Shockwave Sneak Peek Participation Card,2011-11-05
TCG,PHSW,,,Photon Shockwave,2011-11-15
OCG,ORCS,,,Order of Chaos,2011-11-19
OCG,DB12,,,Duelist Box 2012,2011-11-26
TCG,DL13,,,Duelist League 13 participation cards,2011-12-01
TCG,JUMP,,,Shonen Jump December 2011 subscription bonus,2011-12-01
TCG,JUMP,,,"Shonen Jump Vol. 9, Issue 10 promotional card",2011-12-01
TCG,HA05,,,Hidden Arsenal 5: Steelswarm Invasion,2011-12-06
TCG,SAAS,,,Samurai Assault,2011-12-06
OCG,YGOPR,,,Duel Art Campaign promotional card,2011-12-10
OCG,SD22,,,Structure Deck: Dragonic Legion,2011-12-10
OCG,WJMP,,,"Weekly Shōnen Jump 2012, Issue 2 promotional card",2011-12-12
OCG,PP14,,,Premium Pack 14,2011-12-17
OCG,VJMP,,,V Jump February 2012 promotional card,2011-12-17
OCG,JF12-A,,,Jump Festa 2012 - Promotion Pack A,2011-12-18
OCG,JF12-B,,,Jump Festa 2012 - Promotion Pack B,2011-12-18
OCG,ORCS,,,Order of Chaos 2-Pack Set,2011-12-24
TCG,SDDL,,,Dragunity Blast,2012-01-01
TCG,JUMP,,,"Shonen Jump Vol. 10, Issue 1 promotional card",2012-01-01
OCG,TP20,,,Tournament Pack 2011 Vol.4,2012-01-01
TCG,TU07,,,Turbo Pack: Booster Seven,2012-01-01
TCG,YG08,,,Yu-Gi-Oh! GX Volume 8 promotional card,2012-01-03
OCG,GS04,,,Gold Series 2012,2012-01-07
TCG,ORCS-SP,,,Order of Chaos Sneak Peek Participation Card,2012-01-14
OCG,VJMP,,,V Jump March 2012 promotional card,2012-01-21
OCG,DT14,,,"Duel Terminal - Ouroboros, Wicked Dragon of Destruction!!",2012-01-24
OCG,DT14-B,,,Duel Terminal Overlay Guide 2 promotional card,2012-01-24
TCG,ORCS,,,Order of Chaos,2012-01-24
TCG,YS11,,,Utopia Value Box,2012-02-01
TCG,DT06,,,Duel Terminal 6a,2012-02-03
OCG,YZ02,,,Yu-Gi-Oh! ZEXAL Volume 2 promotional card,2012-02-03
TCG,SDDC,,,Dragons Collide Structure Deck,2012-02-07
TCG,YF02,,,Yu-Gi-Oh! 5D's Volume 2 promotional card,2012-02-07
TCG,RYMP,,,Ra Yellow Mega Pack,2012-02-16
OCG,GAOV,,,Galactic Overlord,2012-02-18
OCG,VJMP,,,V Jump April 2012 promotional card,2012-02-21
TCG,ORCS-SE,,,Order of Chaos: Special Edition,2012-03-01
TCG,JUMP,,,"Shonen Jump Vol. 10, Issue 3 promotional card",2012-03-01
OCG,SD12,,,Starter Deck 2012,2012-03-17
TCG,PRC1,,,Premium Collection Tin,2012-03-20
OCG,VJMP,,,V Jump Spring 2012 subscription bonus,2012-03-21
TCG,,,,Custom Token Card,2012-03-24
TCG,H5SE,,,Hidden Arsenal 5: Steelswarm Invasion: Special Edition,2012-03-30
TCG,TKN4,,,Yu-Gi-Oh! Championship Series 2012 pre-registration card,2012-03-30
TCG,JUMP,,,"Shonen Jump Vol. 10, Issue 4 promotional card",2012-04-01
OCG,TP21,,,Tournament Pack 2012 Vol.1,2012-04-01
TCG,YS12,,,Starter Deck: Xyz Symphony,2012-04-12
OCG,REDU,,,Return of the Duelist,2012-04-14
OCG,OG01,,,Numbers Guide promotional card,2012-04-21
OCG,VJMP,,,V Jump June 2012 promotional card,2012-04-21
TCG,GAOV-SP,,,Galactic Overlord Sneak Peek Participation Card,2012-04-28
TCG,GAOV,,,Galactic Overlord,2012-05-08
OCG,DE01,,,Duelist Edition Volume 1,2012-05-12
OCG,DE02,,,Duelist Edition Volume 2,2012-05-12
OCG,VE07,,,V Jump Edition 7,2012-05-21
TCG,DT06,,,Duel Terminal 6b,2012-05-25
TCG,BP01,,,Battle Pack: Epic Dawn,2012-05-28
TCG,BATT,,,Battle Pack Tournament Prize Cards,2012-05-29
TCG,JUMP,,,Weekly Shonen Jump Alpha April 2012 membership promotional card,2012-05-30
OCG,DTC1,,,Duel Terminal Chronicle 1 - Chapter of Awakening,2012-06-01
TCG,DL14,,,Duelist League 14 participation cards,2012-06-01
TCG,TU08,,,Turbo Pack: Booster Eight,2012-06-01
OCG,YF04,,,Yu-Gi-Oh! 5D's Volume 4 promotional card,2012-06-04
TCG,YZ01,,,Yu-Gi-Oh! ZEXAL Volume 1 promotional card,2012-06-05
TCG,GLD5,,,Gold Series: Haunted Mine,2012-06-12
TCG,RYMP-SE,,,Ra Yellow Mega Pack: Special Edition,2012-06-12
OCG,SD23,,,Structure Deck: Roar of the Sea Emperor,2012-06-16
TCG,SDWA,,,Samurai Warlords Structure Deck,2012-06-21
OCG,TP22,,,Tournament Pack 2012 Vol.2,2012-07-01
OCG,ABYR,,,Abyss Rising,2012-07-21
OCG,VF12,,,Saikyō V Jump Festa 2012 promotional card,2012-07-21
OCG,VJMP,,,V Jump September 2012 promotional card,2012-07-21
TCG,HA06,,,Hidden Arsenal 6: Omega Xyz,2012-07-24
OCG,WJMP,,,"Weekly Shōnen Jump 2012, Issue 35 promotional card",2012-07-30
OCG,YZ03,,,Yu-Gi-Oh! ZEXAL Volume 3 promotional card,2012-08-03
TCG,YG09,,,Yu-Gi-Oh! GX Volume 9 promotional card,2012-08-07
OCG,SJMP,,,Saikyō Jump September 2012 promotional card,2012-08-08
OCG,DE03,,,Duelist Edition Volume 3,2012-08-11
OCG,DE04,,,Duelist Edition Volume 4,2012-08-11
OCG,2012,,,Yu-Gi-Oh! World Championship 2012 prize cards,2012-08-11
TCG,2012,,,Yu-Gi-Oh! World Championship 2012 prize cards,2012-08-11
TCG,CT09,,,Collectible Tins 2012 Wave 1,2012-08-14
TCG,REDU-SP,,,Return of the Duelist Sneak Peek Participation Card,2012-08-18
OCG,VB15,,,The Valuable Book 15 promotional cards,2012-08-21
OCG,VJMP,,,V Jump October 2012 promotional card,2012-08-21
OCG,GDB1,,,The Gold Box,2012-08-25
TCG,JUMP,,,Weekly Shonen Jump Alpha July 2012 membership promotional card,2012-08-27
OCG,DTC2,,,Duel Terminal Chronicle 2 - Chapter of Chaos,2012-08-28
TCG,REDU,,,Return of the Duelist,2012-08-28
TCG,YCSW,,,Yu-Gi-Oh! Championship Series 2012 Prize Card,2012-09-01
OCG,DP13,,,Duelist Pack: Kite,2012-09-15
OCG,VJMP,,,V Jump Fall 2012 subscription bonus,2012-09-15
TCG,REDU-SE,,,Return of the Duelist: Special Edition,2012-09-20
TCG,LC03,,,Legendary Collection 3: Yugi's World,2012-09-27
TCG,LCYW,,,Legendary Collection 3: Yugi's World Mega Pack,2012-09-27
TCG,DT07,,,Duel Terminal 7a,2012-09-28
OCG,TP23,,,Tournament Pack 2012 Vol.3,2012-10-01
TCG,YF03,,,Yu-Gi-Oh! 5D's Volume 3 promotional card,2012-10-02
TCG,SDRE,,,Realm of the Sea Emperor Structure Deck,2012-10-10
TCG,JUMP,,,Weekly Shonen Jump Alpha September 2012 membership promotional card,2012-10-12
OCG,EP12-P,,,Duelist Card Protector EX: Shadow of the Six Samurai - Shien,2012-10-13
OCG,EP12,,,Extra Pack 2012,2012-10-13
TCG,CT09,,,Collectible Tins 2012 Wave 2,2012-10-25
TCG,ABYR-SP,,,Abyss Rising Sneak Peek Participation Card,2012-11-03
OCG,DTC3,,,Duel Terminal Chronicle 3 - Chapter of Destruction,2012-11-06
TCG,ABYR,,,Abyss Rising,2012-11-09
TCG,AP01,,,Astral Pack One,2012-11-16
OCG,CBLZ,,,Cosmo Blazer,2012-11-17
OCG,DS13,,,Duelist Set DX: Double Union,2012-11-23
OCG,DS13-D,,,Duelist Set: Version Dark Returner,2012-11-23
OCG,DS13-L,,,Duelist Set: Version Lightning Star,2012-11-23
TCG,YZ02,,,Yu-Gi-Oh! ZEXAL Volume 2 promotional card,2012-12-04
TCG,ABYR-SE,,,Abyss Rising: Special Edition,2012-12-05
OCG,SD24,,,Structure Deck: Onslaught of the Fire Kings,2012-12-08
TCG,DL15,,,Duelist League 15 participation cards,2012-12-15
OCG,VJMP,,,V Jump February 2013 promotional card,2012-12-21
OCG,JF13-A,,,Jump Festa 2013 - Promotion Pack A,2012-12-22
OCG,JF13-B,,,Jump Festa 2013 - Promotion Pack B,2012-12-22
OCG,PP15,,,Premium Pack 15,2012-12-22
OCG,WJMP,,,"Weekly Shōnen Jump 2013, Issue 4–5 promotional card",2012-12-22
TCG,JUMP,,,Weekly Shonen Jump Alpha December 2012 membership promotional card,2012-12-25
OCG,AT01,,,Advanced Tournament Pack 2013 Vol.1,2013-01-01
OCG,YF05,,,Yu-Gi-Oh! 5D's Volume 5 promotional card,2013-01-04
OCG,VE08,,,V Jump Edition 8,2013-01-11
OCG,GS05,,,Gold Series 2013,2013-01-13
TCG,CT09,,,Collectible Tins 2012 Wave 2.5,2013-01-18
TCG,CBLZ-SP,,,Cosmo Blazer Sneak Peek Participation Card,2013-01-19
OCG,VJMP,,,V Jump March 2013 promotional card,2013-01-21
TCG,CBLZ,,,Cosmo Blazer,2013-01-25
TCG,DT07,,,Duel Terminal 7b,2013-02-01
OCG,YZ04,,,Yu-Gi-Oh! ZEXAL Volume 4 promotional card,2013-02-02
TCG,SDOK,,,Onslaught of the Fire Kings Structure Deck,2013-02-08
OCG,PR03,,,Promotion Pack 3: Part A,2013-02-15
OCG,PR03,,,Promotion Pack 3: Part B,2013-02-15
OCG,LTGY,,,Lord of the Tachyon Galaxy,2013-02-16
OCG,VJMP,,,V Jump April 2013 promotional card,2013-02-21
OCG,DTC4,,,Duel Terminal Chronicle 4 - Chapter of Opposites,2013-02-26
OCG,DTC4-B,,,Yu-Gi-Oh! Duel Terminal Master Guide promotional cards,2013-02-26
TCG,SP13,,,Star Pack 2013,2013-03-01
TCG,ZTIN,,,Zexal Collection Tin,2013-03-07
TCG,JUMP,,,Weekly Shonen Jump March 2013 membership promotional card,2013-03-15
OCG,ST13,,,Starter Deck 2013,2013-03-16
OCG,ST13-V,,,Starter Deck 2013 Enhancement Pack,2013-03-16
TCG,CBLZ-SE,,,Cosmo Blazer: Special Edition,2013-03-21
OCG,VJMP,,,V Jump Spring 2013 subscription bonus,2013-03-21
OCG,AT02,,,Advanced Tournament Pack 2013 Vol.2,2013-04-01
TCG,YF04,,,Yu-Gi-Oh! 5D's Volume 4 promotional card,2013-04-02
OCG,OG02,,,Numbers Guide 2 promotional card,2013-04-04
TCG,SDLS,,,Master Hyperion Value Box,2013-04-09
TCG,AP02,,,Astral Pack Two,2013-04-19
TCG,TKN4,,,Yu-Gi-Oh! Championship Series 2013 pre-registration card,2013-04-19
OCG,JOTL,,,Judgment of the Light,2013-04-20
OCG,VJMP,,,V Jump June 2013 promotional card,2013-04-20
TCG,HA07,,,Hidden Arsenal 7: Knight of Stars,2013-04-25
TCG,LC02,,,Legendary Collection 2: Gameboard Edition,2013-05-01
TCG,LTGY-SP,,,Lord of the Tachyon Galaxy Sneak Peek Participation Card,2013-05-11
TCG,LTGY,,,Lord of the Tachyon Galaxy,2013-05-17
OCG,EP13,,,Extra Pack: Sword of Knights,2013-05-18
OCG,VJMP,,,V Jump July 2013 promotional card,2013-05-21
TCG,YZ03,,,Yu-Gi-Oh! ZEXAL Volume 3 promotional card,2013-06-04
TCG,YS13-V,,,Super Starter Power-Up Pack,2013-06-14
TCG,,,,Super Starter: Power Box,2013-06-14
TCG,YS13,,,Super Starter: V for Victory,2013-06-14
OCG,SD25,,,Structure Deck: The Blue-Eyed Dragon's Thundering Descent,2013-06-15
TCG,BP02,,,Battle Pack 2: War of the Giants,2013-06-28
OCG,AT03,,,Advanced Tournament Pack 2013 Vol.3,2013-07-01
TCG,DL16,,,Duelist League 16 participation cards,2013-07-01
TCG,JUMP,,,Weekly Shonen Jump July 2013 membership promotional card,2013-07-09
TCG,NUMH,,,Number Hunters,2013-07-11
OCG,SHSP-P,,,Duelist Card Protector EX: Ghostrick,2013-07-20
OCG,HD13-D,,,Half-Deck: DARK,2013-07-20
OCG,HD13-L,,,Half-Deck: LIGHT,2013-07-20
OCG,VF13,,,Saikyō V Jump Festa 2013 promotional card,2013-07-20
OCG,SHSP,,,Shadow Specters,2013-07-20
OCG,VJMP,,,V Jump September 2013 promotional card,2013-07-20
OCG,YZ05,,,Yu-Gi-Oh! ZEXAL Volume 5 promotional card,2013-08-02
TCG,JOTL-SP,,,Judgment of the Light Sneak Peek Participation Card,2013-08-03
OCG,YF06,,,Yu-Gi-Oh! 5D's Volume 6 promotional card,2013-08-03
OCG,WJMP,,,"Weekly Shōnen Jump 2013, Issue 36 promotional card",2013-08-05
TCG,JOTL,,,Judgment of the Light,2013-08-09
OCG,CPZ1,,,Collectors Pack: ZEXAL Version,2013-08-10
OCG,VE09,,,V Jump Edition 9,2013-08-11
OCG,2013,,,Yu-Gi-Oh! World Championship 2013 prize cards,2013-08-11
TCG,2013,,,Yu-Gi-Oh! World Championship 2013 prize cards,2013-08-11
OCG,VB16,,,The Valuable Book 16 promotional cards,2013-08-21
TCG,CT10,,,2013 Collectible Tins Wave 1,2013-08-30
TCG,YCSW,,,Yu-Gi-Oh! Championship Series 2013 Prize Card,2013-09-01
TCG,AP03,,,Astral Pack Three,2013-09-12
TCG,SDBE,,,Saga of Blue-Eyes White Dragon Structure Deck,2013-09-12
TCG,SDRE,,,Poseidra Value Box,2013-09-13
TCG,SDWA,,,Shadow Samurai Value Box,2013-09-13
TCG,SDBE,,,Silver Dragon Value Box,2013-09-13
OCG,CD01,,,Concept Duel 1,2013-09-21
OCG,DP14,,,Duelist Pack: Yuma 2: Gogogo & Dododo,2013-09-21
OCG,VJMP,,,V Jump Fall 2013 subscription bonus,2013-09-21
TCG,JOTL-DE,,,Judgment of the Light: Deluxe Edition,2013-09-27
TCG,LC01,,,Legendary Collection: Gameboard Edition,2013-09-27
TCG,LC04,,,Legendary Collection 4: Joey's World,2013-10-11
TCG,LCJW,,,Legendary Collection 4: Joey's World Mega Pack,2013-10-11
OCG,DP15,,,Duelist Pack: Kastle Siblings,2013-10-19
TCG,JUMP,,,Weekly Shonen Jump September 2013 membership promotional card,2013-10-24
TCG,,,,Duelist Pack: Yugi & Kaiba Special Edition,2013-10-25
OCG,AT04,,,Advanced Tournament Pack 2013 Vol.4,2013-11-01
TCG,SHSP-SP,,,Shadow Specters Sneak Peek Participation Card,2013-11-02
TCG,YF05,,,Yu-Gi-Oh! 5D's Volume 5 promotional card,2013-11-05
TCG,SHSP,,,Shadow Specters,2013-11-08
OCG,CD02,,,Concept Duel 2,2013-11-16
OCG,DPEX,,,Duelist Card Protector EX: Bujintei Susanowo,2013-11-16
OCG,LVAL,,,Legacy of the Valiant,2013-11-16
OCG,VJMP,,,V Jump January 2014 promotional card,2013-11-21
TCG,CT10,,,2013 Collectible Tins Wave 2,2013-11-22
OCG,DS14-LS,,,Duelist Set: Version Lightsworn Judgment,2013-11-23
OCG,DS14-L,,,Duelist Set: Version Lightsworn Judgment Enhancement Pack,2013-11-23
OCG,DS14-MS,,,Duelist Set: Version Machine-Gear Troopers,2013-11-23
OCG,DS14-M,,,Duelist Set: Version Machine-Gear Troopers Enhancement Pack,2013-11-23
TCG,YSKR,,,Starter Deck: Kaiba Reloaded,2013-12-05
TCG,YSYR,,,Starter Deck: Yugi Reloaded,2013-12-05
OCG,ZDC1-B,,,Yu-Gi-Oh! ZEXAL World Duel Carnival Duel Champion Guide! promotional card,2013-12-05
OCG,ZDC1,,,Yu-Gi-Oh! ZEXAL World Duel Carnival promotional cards,2013-12-05
OCG,SD26,,,Structure Deck: Blitzkrieg of the Mechlight Dragons,2013-12-07
TCG,SHSP-SE,,,Shadow Specters: Special Edition,2013-12-12
TCG,DL17,,,Duelist League 17 participation cards,2013-12-13
TCG,JUMP,,,Weekly Shonen Jump December 2013 membership promotional card,2013-12-15
OCG,WJMP,,,"Weekly Shōnen Jump 2014, Issue 3 promotional card",2013-12-16
OCG,JF14,,,Jump Festa 2014 - Promotion Pack,2013-12-21
OCG,PP16,,,Premium Pack 16,2013-12-21
OCG,VJMP,,,V Jump February 2014 promotional card,2013-12-21
OCG,AT05,,,Advanced Tournament Pack 2014 Vol.1,2014-01-01
TCG,TKN4,,,Battle City Tournament Kit,2014-01-01
TCG,,,,Premium Collection Value Box,2014-01-01
TCG,YZ04,,,Yu-Gi-Oh! ZEXAL Volume 4 promotional card,2014-01-07
OCG,GS06,,,Gold Series 2014,2014-01-11
OCG,VE10,,,V Jump Edition 10,2014-01-11
TCG,BPW2,,,War of the Giants: Round 2,2014-01-17
TCG,LVAL-SP,,,Legacy of the Valiant Sneak Peek Participation Card,2014-01-18
TCG,LVAL,,,Legacy of the Valiant,2014-01-24
TCG,TKN4,,,Yu-Gi-Oh! Day January 2014 promotional card,2014-01-25
TCG,JUMP,,,Jump Pack 2014 Issue 1 promotional card,2014-01-31
OCG,YZ06,,,Yu-Gi-Oh! ZEXAL Volume 6 promotional card,2014-02-04
TCG,AP04,,,Astral Pack Four,2014-02-06
TCG,SDCR,,,Cyber Dragon Revolution Structure Deck,2014-02-06
OCG,CD03,,,Concept Duel 3,2014-02-15
OCG,PRIO,,,Primal Origin,2014-02-15
OCG,PRIO-B,,,Primal Origin Booster Pack Guide promotional card,2014-02-15
OCG,PR04,,,Promotion Pack 4: Part A,2014-02-15
OCG,PR05,,,Promotion Pack 4: Part B,2014-02-15
TCG,SP14,,,Star Pack 2014,2014-02-21
TCG,,,,Star Pack 2014 Beginner's Kit,2014-02-21
OCG,VJMP,,,V Jump April 2014 promotional card,2014-02-21
TCG,,,,Machine Madness Value Box,2014-02-28
OCG,YF07,,,Yu-Gi-Oh! 5D's Volume 7 promotional card,2014-03-04
TCG,LVAL-DE,,,Legacy of the Valiant: Deluxe Edition,2014-03-06
TCG,TKN4,,,Yu-Gi-Oh! Championship Series 2014 pre-registration card,2014-03-07
OCG,15AY-A,,,Memories of the Duel King: Duelist Kingdom Arc,2014-03-08
TCG,JUMP,,,Weekly Shonen Jump March 2014 membership promotional card,2014-03-13
OCG,MG04,,,Master Guide 4 promotional cards,2014-03-20
OCG,ST14,,,Starter Deck 2014,2014-03-21
OCG,ST14-A,,,Starter Deck 2014 Enhancement Pack,2014-03-21
OCG,VJMP,,,V Jump Spring 2014 subscription bonus,2014-03-21
TCG,PGLD,,,Premium Gold,2014-03-27
TCG,FFSE,,,Fire Fists: Special Edition,2014-04-04
OCG,RB01,,,Perfect Rulebook promotional card,2014-04-04
TCG,JUMP,,,Jump Pack 2014 Issue 2 promotional card,2014-04-15
OCG,AT06,,,Advanced Tournament Pack 2014 Vol.2,2014-04-19
OCG,DC01,,,Deck Custom Pack 01,2014-04-19
OCG,DUEA,,,Duelist Alliance,2014-04-19
OCG,VJMP,,,V Jump June 2014 promotional card,2014-04-21
TCG,DRLG,,,Dragons of Legend,2014-04-25
OCG,PRTX,,,TV Tokyo Festival promotional card,2014-04-28
OCG,OG03,,,Numbers Guide 3 promotional card,2014-05-02
TCG,PRIO-SE,,,Primal Origin Sneak Peek Participation Card,2014-05-10
TCG,PRIO,,,Primal Origin,2014-05-12
OCG,CPL1,,,Collectors Pack: Duelist of Legend Version,2014-05-17
TCG,PRIO-PL,,,Primal Origin Plus,2014-06-09
TCG,,,,Space-Time Showdown Power Box,2014-06-11
TCG,PRIO-DE,,,Primal Origin: Deluxe Edition,2014-06-12
OCG,DPEX,,,Duelist Card Protector EX: Master of HERO,2014-06-21
OCG,SD27,,,Structure Deck: HERO's Strike,2014-06-21
OCG,VJMP,,,V Jump August 2014 promotional card,2014-06-21
TCG,SDLI,,,Realm of Light Structure Deck,2014-06-26
TCG,ZDC1,,,Yu-Gi-Oh! ZEXAL World Duel Carnival promotional cards,2014-06-26
TCG,DL18,,,Duelist League 18 participation cards,2014-06-27
OCG,AT07,,,Advanced Tournament Pack 2014 Vol.3,2014-07-01
TCG,YZ01,,,Yu-Gi-Oh! ZEXAL Volume 5 promotional card,2014-07-01
OCG,15AY-B,,,Memories of the Duel King: Battle City Arc,2014-07-05
TCG,YS14-A,,,Space-Time Showdown Power-Up Pack,2014-07-11
TCG,YS14,,,Super Starter: Space-Time Showdown,2014-07-11
OCG,VF14,,,Jump Victory Carnival 2014 promotional card,2014-07-19
OCG,NECH,,,The New Challengers,2014-07-19
OCG,VJMP,,,V Jump September 2014 promotional card,2014-07-19
TCG,AP05,,,Astral Pack Five,2014-07-25
TCG,TKN4,,,Yu-Gi-Oh! Day July 2014 promotional card,2014-07-26
TCG,BP03,,,Battle Pack 3: Monster League,2014-08-01
OCG,WJMP,,,"Weekly Shōnen Jump 2014, Issue 36 promotional card",2014-08-04
OCG,YZ07,,,Yu-Gi-Oh! ZEXAL Volume 7 promotional card,2014-08-04
OCG,SPRG,,,Booster SP: Raging Masters,2014-08-09
TCG,DUEA-SP,,,Duelist Alliance Sneak Peek Participation Card,2014-08-09
OCG,VE11,,,V Jump Edition Pendulum Victory Pack,2014-08-11
OCG,2014,,,Yu-Gi-Oh! World Championship 2014 prize cards,2014-08-11
TCG,2014,,,Yu-Gi-Oh! World Championship 2014 prize cards,2014-08-11
TCG,DUEA,,,Duelist Alliance,2014-08-15
TCG,JUMP,,,Weekly Shonen Jump August 2014 membership promotional card,2014-08-18
OCG,VB17,,,The Valuable Book 17 promotional cards,2014-08-21
TCG,JUMP,,,Jump Pack 2014 Issue 3 promotional card,2014-08-22
OCG,15AY-C,,,Memories of the Duel King: Ceremonial Battle Arc,2014-08-23
TCG,MP14,,,2014 Mega-Tin Mega Pack,2014-08-29
TCG,CT11,,,2014 Mega-Tins,2014-08-29
TCG,YF06,,,Yu-Gi-Oh! 5D's Volume 6 promotional card,2014-09-02
TCG,YCSW,,,Yu-Gi-Oh! Championship Series 2014 Prize Card,2014-09-07
TCG,DUEA-DE,,,Duelist Alliance: Deluxe Edition,2014-09-11
OCG,EP14,,,Extra Pack: Knights of Order,2014-09-13
OCG,VJMP,,,V Jump November 2014 promotional card,2014-09-20
OCG,VJMP,,,V Jump Fall 2014 subscription bonus,2014-09-21
OCG,AT08,,,Advanced Tournament Pack 2014 Vol.4,2014-10-01
OCG,YF08,,,Yu-Gi-Oh! 5D's Volume 8 promotional card,2014-10-03
TCG,JUMP,,,Weekly Shonen Jump November 2014 membership promotional card,2014-10-08
OCG,SPTR,,,Booster SP: Tribe Force,2014-10-11
TCG,SDGR,,,Geargia Rampage Structure Deck,2014-10-16
TCG,LC05,,,Legendary Collection 5D's,2014-10-23
TCG,LC5D,,,Legendary Collection 5D's Mega Pack,2014-10-23
TCG,NECH-SP,,,The New Challengers Sneak Peek Participation Card,2014-11-01
TCG,NECH,,,The New Challengers,2014-11-07
OCG,SECE,,,Secrets of Eternity,2014-11-15
TCG,NKRT,,,Noble Knights of the Round Table Box Set,2014-11-20
TCG,NKRT,,,Noble Knights of the Round Table Power-Up Pack,2014-11-20
OCG,VP14-A,,,Special Summon Evolution,2014-11-28
TCG,NECH-SE,,,The New Challengers: Super Edition,2014-12-04
TCG,AP06,,,Astral Pack Six,2014-12-05
OCG,SD28,,,Structure Deck: Synchron Extreme,2014-12-06
OCG,WJMP,,,"Weekly Shōnen Jump 2015, Issue 3 promotional card",2014-12-15
OCG,EONK,,,Duel Field EX Epic of Noble Knights: Holy Sword of Guidance,2014-12-20
OCG,JF15,,,Jump Festa 2015 - Promotion Pack,2014-12-20
OCG,PP17,,,Premium Pack 17,2014-12-20
OCG,TRC1,,,The Rarity Collection,2014-12-20
OCG,VJMP,,,V Jump February 2015 promotional card,2014-12-20
OCG,AT09,,,Advanced Tournament Pack 2015 Vol.1,2015-01-01
OCG,15AX-Y,,,Duelist Road -Piece of Memory- Side: Yami Yugi,2015-01-10
OCG,15AX-M,,,Duelist Road -Piece of Memory- Side: Yugi Muto,2015-01-10
TCG,SECE-SP,,,Secrets of Eternity Sneak Peek Participation Card,2015-01-10
TCG,SECE,,,Secrets of Eternity,2015-01-16
OCG,VJMP,,,V Jump March 2015 promotional card,2015-01-21
OCG,TFSP-B,,,Yu-Gi-Oh! ARC-V Tag Force Special Legend Tag Guide promotional card,2015-01-22
TCG,TKN4,,,Yu-Gi-Oh! Day January 2015 promotional card,2015-01-24
TCG,,,,HERO Strike Elite,2015-01-29
TCG,SDHS,,,HERO Strike Structure Deck,2015-01-30
TCG,YZ06,,,Yu-Gi-Oh! ZEXAL Volume 6 promotional card,2015-02-03
OCG,SJMP,,,Saikyō Jump March 2015 promotional card,2015-02-06
TCG,THSF,,,The Secret Forces,2015-02-13
OCG,CROS,,,Crossed Souls,2015-02-14
TCG,JUMP,,,Weekly Shonen Jump February 2015 membership promotional card,2015-02-19
OCG,VJMP,,,V Jump April 2015 promotional card,2015-02-21
TCG,SECE-S,,,Secrets of Eternity: Super Edition,2015-02-27
TCG,YF07,,,Yu-Gi-Oh! 5D's Volume 7 promotional card,2015-03-03
OCG,YZ08,,,Yu-Gi-Oh! ZEXAL Volume 8 promotional card,2015-03-04
TCG,PGL2,,,Premium Gold: Return of the Bling,2015-03-20
OCG,VJMP,,,V Jump Spring 2015 subscription bonus,2015-03-20
OCG,VS15,,,Duelist Entry Deck VS,2015-03-21
TCG,DEM2,,,Demo Deck 2015,2015-03-30
TCG,TKN4,,,Yu-Gi-Oh! Championship Series 2015 pre-registration card,2015-04-10
OCG,EN01,,,Entry Pack,2015-04-15
TCG,WSUP,,,World Superstars,2015-04-17
OCG,VJMP,,,V Jump June 2015 promotional card,2015-04-21
OCG,CORE,,,Clash of Rebellions,2015-04-25
OCG,AT10,,,Advanced Tournament Pack 2015 Vol.2,2015-05-01
OCG,RB02,,,Perfect Rulebook 2015 promotional card,2015-05-01
TCG,JUMP,,,Weekly Shonen Jump April 2015 membership promotional card,2015-05-07
TCG,CROS-SP,,,Crossed Souls Sneak Peek Participation Card,2015-05-09
TCG,CROS,,,Crossed Souls,2015-05-15
OCG,CPD1,,,Collectors Pack: Duelist of Destiny Version,2015-05-16
OCG,VP15,,,20th Legendary Collection,2015-05-28
TCG,YS15-L,,,Dark Legion Starter Deck,2015-05-29
TCG,YS15-F,,,Saber Force Starter Deck,2015-05-29
OCG,YF09,,,Yu-Gi-Oh! 5D's Volume 9 promotional card,2015-06-04
TCG,AP07,,,Astral Pack Seven,2015-06-05
OCG,DP16,,,Duelist Pack: Battle City,2015-06-06
TCG,SP15,,,Star Pack ARC-V,2015-06-12
TCG,,,,Star Pack ARC-V Beginner's Kit,2015-06-18
TCG,DPBC,,,Duelist Pack: Battle City,2015-06-19
OCG,SD29,,,Structure Deck: Master of Pendulum,2015-06-20
OCG,VJMP,,,V Jump August 2015 promotional card,2015-06-20
OCG,AT11,,,Advanced Tournament Pack 2015 Vol.3,2015-07-01
TCG,JUMP,,,Weekly Shonen Jump July 2015 membership promotional card,2015-07-01
TCG,CROS-AE,,,Crossed Souls: Advance Edition,2015-07-02
TCG,DRL2,,,Dragons of Legend 2,2015-07-17
OCG,YCB2,,,Yu-Gi-Oh! Character Guidebook: Millennium Book promotional cards,2015-07-17
OCG,DOCS,,,Dimension of Chaos,2015-07-20
OCG,VF15,,,Jump Victory Carnival 2015 promotional card,2015-07-20
OCG,VJMP,,,V Jump September 2015 promotional card,2015-07-20
OCG,WJMP,,,"Weekly Shōnen Jump 2015, Issue 34 promotional card",2015-07-20
TCG,TKN4,,,Yu-Gi-Oh! Day July 2015 promotional card,2015-07-25
TCG,CORE-SP,,,Clash of Rebellions Sneak Peek Participation Card,2015-08-01
OCG,SJMP,,,Saikyō Jump September 2015 promotional card,2015-08-01
TCG,CORE,,,Clash of Rebellions,2015-08-07
OCG,VB18,,,The Valuable Book 18 promotional cards,2015-08-12
OCG,2015,,,Yu-Gi-Oh! World Championship 2015 prize cards,2015-08-16
OCG,VJMP,,,V Jump October 2015 promotional card,2015-08-21
OCG,SPHR,,,Booster SP: High-Speed Riders,2015-08-22
TCG,SDSE,,,Synchron Extreme Structure Deck,2015-08-28
TCG,2015-P,,,Yu-Gi-Oh! World Championship 2015 attendance cards,2015-08-30
TCG,2015,,,Yu-Gi-Oh! World Championship 2015 prize cards,2015-08-30
TCG,YCSW,,,Yu-Gi-Oh! Championship Series 2015 Prize Card,2015-09-01
TCG,YZ07,,,Yu-Gi-Oh! ZEXAL Volume 7 promotional card,2015-09-01
TCG,MP15,,,2015 Mega-Tin Mega Pack,2015-09-17
TCG,CT12,,,2015 Mega-Tins,2015-09-17
OCG,EP15,,,Extra Pack 2015,2015-09-19
OCG,SR01,,,Structure Deck R: Advent of the True Monarch,2015-09-19
OCG,VJMP,,,V Jump Fall 2015 subscription bonus,2015-09-19
OCG,VJMP,,,V Jump November 2015 promotional card,2015-09-19
OCG,AT12,,,Advanced Tournament Pack 2015 Vol.4,2015-10-01
TCG,HSRD,,,High-Speed Riders,2015-10-02
OCG,YZ09,,,Yu-Gi-Oh! ZEXAL Volume 9 promotional card,2015-10-03
TCG,YF08,,,Yu-Gi-Oh! 5D's Volume 8 promotional card,2015-10-06
TCG,JUMP,,,Weekly Shonen Jump October 2015 membership promotional card,2015-10-07
OCG,BOSH,,,Breakers of Shadow,2015-10-17
OCG,VJMP,,,V Jump December 2015 promotional card,2015-10-19
TCG,AP08,,,Astral Pack Eight,2015-10-23
TCG,DOCS-SP,,,Dimension of Chaos Sneak Peek Participation Card,2015-10-31
TCG,DOCS,,,Dimension of Chaos,2015-11-06
TCG,YGLD,,,Yugi's Legendary Decks,2015-11-13
OCG,SPWR,,,Booster SP: Wing Raiders,2015-11-14
OCG,VJMP,,,V Jump January 2016 promotional card,2015-11-21
OCG,MB01,,,Millennium Box Gold Edition,2015-11-28
TCG,LTGY,,,2015 Value Box,2015-12-01
TCG,SDMP,,,Master of Pendulum Structure Deck,2015-12-04
TCG,DOCS-SE,,,Dimension of Chaos: Special Edition,2015-12-10
TCG,CORE-SE,,,Clash of Rebellions: Special Edition,2015-12-11
OCG,SD30,,,Structure Deck: Pendulum Domination,2015-12-12
OCG,MVPC,,,Yu-Gi-Oh! The Dark Side of Dimensions Advance Ticket promotional card,2015-12-12
OCG,JF16,,,Jump Festa 2016 promotional cards,2015-12-19
OCG,MP01,,,Millennium Pack,2015-12-19
OCG,PP18,,,Premium Pack 18,2015-12-19
OCG,VJMP,,,V Jump February 2016 promotional card,2015-12-19
OCG,AT13,,,Advanced Tournament Pack 2016 Vol.1,2016-01-01
TCG,BOSH-SP,,,Breakers of Shadow Sneak Peek Participation Card,2016-01-09
OCG,SHVI,,,Shining Victories,2016-01-09
TCG,DEM3,,,Demo Deck 2016,2016-01-14
TCG,BOSH,,,Breakers of Shadow,2016-01-15
TCG,JUMP,,,Weekly Shonen Jump April 2017 membership promotional card,2016-01-16
TCG,JUMP,,,Weekly Shonen Jump January 2017 membership promotional card,2016-01-16
TCG,JUMP,,,Weekly Shonen Jump January 2016 membership promotional card,2016-01-18
OCG,VJMP,,,V Jump March 2016 promotional card,2016-01-21
TCG,SR01,,,Emperor of Darkness Structure Deck,2016-01-29
TCG,TKN4,,,Yu-Gi-Oh! Day January 2016 promotional card,2016-01-30
TCG,JUMP,,,WSJ Jump Pack Spring 2016 promotional card,2016-02-01
OCG,SR02,,,Structure Deck R: Revival of the Great Divine Dragon,2016-02-06
OCG,DF16,,,Duelist Festival 2016 - Promotion Pack,2016-02-11
TCG,BOSH-SE,,,Breakers of Shadow: Special Edition,2016-02-12
TCG,WIRA,,,Wing Raiders,2016-02-12
OCG,CP16,,,Gold Pack 2016,2016-02-20
OCG,VJMP,,,V Jump April 2016 promotional card,2016-02-20
TCG,TKN4,,,Yu-Gi-Oh! Championship Series 2016 pre-registration card,2016-02-26
TCG,YZO8,,,Yu-Gi-Oh! ZEXAL Volume 8 promotional card,2016-03-01
OCG,MVPM,,,Yu-Gi-Oh! The Dark Side of Dimensions Cinemileage promotional card,2016-03-05
TCG,PGL3,,,Premium Gold: Infinite Gold,2016-03-17
TCG,OP01,,,OTS Tournament Pack 1,2016-03-18
OCG,ST16,,,Starter Deck 2016,2016-03-20
OCG,VJMP,,,V Jump May 2016 promotional card,2016-03-20
OCG,VJMP,,,V Jump Spring 2016 subscription bonus,2016-03-20
OCG,MVPY,,,Yu-Gi-Oh! The Dark Side of Dimensions Yokohama Event distribution card,2016-03-20
OCG,AT14,,,Advanced Tournament Pack 2016 Vol.2,2016-04-01
OCG,RB03,,,Perfect Rulebook 2016 promotional card,2016-04-01
OCG,SJMP,,,Saikyō Jump May 2016 promotional card,2016-04-01
OCG,MVPI,,,Yu-Gi-Oh! The Dark Side of Dimensions CoCo Ichibanya promotional card 1,2016-04-01
OCG,YA01,,,Yu-Gi-Oh! ARC-V Volume 1 promotional card,2016-04-04
TCG,YF09,,,Yu-Gi-Oh! 5D's Volume 9 promotional card,2016-04-05
OCG,TDIL,,,The Dark Illusion,2016-04-09
OCG,WJMP,,,"Weekly Shōnen Jump 2016, Issue 19 promotional card",2016-04-11
TCG,MIL1,,,Millennium Pack,2016-04-15
TCG,JUMP,,,Weekly Shonen Jump April 2016 membership promotional card,2016-04-20
OCG,JMPR,,,Jump Ryū Vol.08 promotional card,2016-04-21
OCG,VJMP,,,V Jump June 2016 promotional card,2016-04-21
OCG,MVPL,,,Yu-Gi-Oh! The Dark Side of Dimensions Duel Set,2016-04-21
OCG,MVPI,,,Yu-Gi-Oh! The Dark Side of Dimensions CoCo Ichibanya promotional card 2,2016-04-23
OCG,MVP1,,,Yu-Gi-Oh! The Dark Side of Dimensions Movie Pack,2016-04-23
OCG,MVPC,,,Yu-Gi-Oh! The Dark Side of Dimensions Theater distribution cards,2016-04-23
TCG,SHVI-SP,,,Shining Victories Sneak Peek Participation Card,2016-04-30
TCG,SHVI,,,Shining Victories,2016-05-06
OCG,CPF1,,,Collectors Pack: Duelist of Flash Version,2016-05-14
OCG,VJMP,,,V Jump July 2016 promotional card,2016-05-21
TCG,YS16,,,Starter Deck: Yuya,2016-05-27
OCG,DP17,,,Duelist Pack: Pharaoh's Memories,2016-06-04
TCG,SHVI-SE,,,Shining Victories: Special Edition,2016-06-17
OCG,SDKS,,,Structure Deck: Seto Kaiba,2016-06-18
OCG,SDMY,,,Structure Deck: Yugi Muto,2016-06-18
OCG,VJMP,,,V Jump August 2016 promotional card,2016-06-21
OCG,AGMM,,,Yu-Gi-Oh! Duel Monsters Animation Complete Guide Millennium Memory promotional card,2016-06-24
OCG,AT15,,,Advanced Tournament Pack 2016 Vol.3,2016-07-01
TCG,JUMP,,,WSJ Jump Pack Fall 2016 promotional card,2016-07-01
TCG,JUMP,,,Weekly Shonen Jump July 2016 membership promotional card,2016-07-04
TCG,SR02,,,Rise of the True Dragons Structure Deck,2016-07-08
OCG,INOV,,,Invasion: Vengeance,2016-07-09
OCG,SCB1,,,Yu-Gi-Oh! Duel Monsters Saikyo Card Battle promotional card,2016-07-16
OCG,VP16,,,20th Rival Collection,2016-07-21
OCG,VJMP,,,V Jump September 2016 promotional card,2016-07-21
TCG,OP02,,,OTS Tournament Pack 2,2016-07-22
TCG,MVP1,,,Yu-Gi-Oh! The Dark Side of Dimensions Movie Pack,2016-07-22
TCG,TKN4,,,Yu-Gi-Oh! Day July 2016 promotional card,2016-07-23
OCG,YS01,,,Yu-Gi-Oh! ARC-V The Strongest Duelist Yuya!! Volume 1 promotional card,2016-07-29
OCG,VF16-P,,,Jump Victory Carnival 2016 - Promotion Pack,2016-07-30
OCG,VF16,,,Jump Victory Carnival 2016 promotional card,2016-07-30
TCG,TDIL-SP,,,The Dark Illusion Sneak Peek Participation Card,2016-07-30
OCG,SJMP,,,Saikyō Jump September 2016 promotional card,2016-08-05
TCG,TDIL,,,The Dark Illusion,2016-08-05
OCG,SPDS,,,Booster SP: Destiny Soldiers,2016-08-06
TCG,DRL3,,,Dragons of Legend: Unleashed,2016-08-19
OCG,VJMP,,,V Jump October 2016 promotional card,2016-08-20
OCG,2016,,,Yu-Gi-Oh! World Championship 2016 prize cards,2016-08-21
TCG,2016,,,Yu-Gi-Oh! World Championship 2016 prize cards,2016-08-21
TCG,YCSW,,,Yu-Gi-Oh! Championship Series 2016 Prize Card,2016-08-28
TCG,MP16,,,2016 Mega-Tin Mega Pack,2016-09-01
TCG,CT13,,,2016 Mega-Tins,2016-09-01
TCG,YZ09,,,Yu-Gi-Oh! ZEXAL Volume 9 promotional card,2016-09-01
OCG,EP16,,,Extra Pack 2016,2016-09-10
TCG,DPRP,,,Duelist Pack: Rivals of the Pharaoh,2016-09-15
TCG,TDIL-SE,,,The Dark Illusion Special Edition,2016-09-15
OCG,VJMP,,,V Jump Fall 2016 subscription bonus,2016-09-21
OCG,VJMP,,,V Jump November 2016 promotional card,2016-09-21
OCG,SR03,,,Structure Deck R: Machine Dragon Re-Volt,2016-09-24
OCG,MVPC-S,,,Yu-Gi-Oh! The Dark Side of Dimensions 4D Theater distribution card,2016-09-24
OCG,AT16,,,Advanced Tournament Pack 2016 Vol.4,2016-10-01
OCG,YA02,,,Yu-Gi-Oh! ARC-V Volume 2 promotional card,2016-10-04
TCG,LDK2,,,Legendary Decks II,2016-10-06
TCG,JUMP,,,Weekly Shonen Jump October 2016 membership promotional card,2016-10-06
OCG,RATE,,,Raging Tempest,2016-10-08
TCG,SDKS,,,Structure Deck: Seto Kaiba,2016-10-20
TCG,SDMY,,,Structure Deck: Yugi Muto,2016-10-20
OCG,VJMP,,,V Jump December 2016 promotional card,2016-10-21
TCG,INOV-SP,,,Invasion: Vengeance Sneak Peek Participation Card,2016-10-29
TCG,INOV,,,Invasion: Vengeance,2016-11-04
OCG,SPFE,,,Booster SP: Fusion Enforcers,2016-11-12
TCG,DESO,,,Destiny Soldiers,2016-11-18
TCG,OP03,,,OTS Tournament Pack 3,2016-11-18
OCG,VJMP,,,V Jump January 2017 promotional card,2016-11-21
OCG,DBLE,,,Dimension Box Limited Edition,2016-11-26
TCG,INOV-SE,,,Invasion: Vengeance: Special Edition,2016-12-09
OCG,20AP,,,20th Anniversary Pack 1st Wave,2016-12-17
OCG,PP19,,,Premium Pack 19,2016-12-17
OCG,VJMP,,,V Jump February 2017 promotional card,2016-12-17
OCG,SD31,,,Structure Deck: Pendulum Evolution,2016-12-23
OCG,AT17,,,Advanced Tournament Pack 2017 Vol.1,2017-01-01
TCG,JMPS,,,WSJ Jump Pack Spring 2017 promotional card,2017-01-01
TCG,MVP1-G,,,Yu-Gi-Oh! The Dark Side of Dimensions Movie Pack: Gold Edition,2017-01-13
OCG,MACR,,,Maximum Crisis,2017-01-14
TCG,SDPD,,,Pendulum Domination Structure Deck,2017-01-20
OCG,VJMP,,,V Jump March 2017 promotional card,2017-01-21
TCG,TKN4,,,Yu-Gi-Oh! Day January 2017 promotional card,2017-01-28
TCG,RATE-SP,,,Raging Tempest Sneak Peek Participation Card,2017-02-04
TCG,RATE,,,Raging Tempest,2017-02-10
OCG,20AP,,,20th Anniversary Pack 2nd Wave,2017-02-11
OCG,VJMP,,,V Jump April 2017 promotional card,2017-02-21
TCG,FUEN,,,Fusion Enforcers,2017-02-23
OCG,VB19,,,The Valuable Book 19 promotional cards,2017-02-24
OCG,SR04,,,Structure Deck R: Tyranno's Rage,2017-02-25
OCG,MVPC,,,Yu-Gi-Oh! The Dark Side of Dimensions Blu-ray & DVD promotional card,2017-03-08
TCG,SP17,,,Star Pack Battle Royal,2017-03-10
TCG,RATE-SE,,,Raging Tempest: Special Edition,2017-03-17
OCG,VJMP,,,V Jump May 2017 promotional card,2017-03-21
OCG,VJMP,,,V Jump Spring 2017 subscription bonus,2017-03-21
OCG,RB04,,,Perfect Rulebook 2017 promotional card,2017-03-24
OCG,ST17,,,Starter Deck 2017,2017-03-25
TCG,DUSA,,,Duelist Saga,2017-03-31
OCG,17TP-2,,,Tournament Pack 2017 Vol.2,2017-04-01
TCG,YA01,,,Yu-Gi-Oh! ARC-V Volume 1 promotional card,2017-04-04
OCG,YA03,,,Yu-Gi-Oh! ARC-V Volume 3 promotional card,2017-04-04
TCG,OP04,,,OTS Tournament Pack 4,2017-04-07
TCG,SR04,,,Dinosmasher's Fury Structure Deck,2017-04-14
TCG,SR03,,,Machine Reactor Structure Deck,2017-04-14
OCG,COTD,,,Code of the Duelist,2017-04-15
OCG,VJMP,,,V Jump June 2017 promotional card,2017-04-21
OCG,WJMP,,,"Weekly Shōnen Jump 2017, Issue 21–22 promotional card",2017-04-24
OCG,MG05,,,Master Guide 5 promotional cards,2017-04-28
TCG,MACR-SP,,,Maximum Crisis Sneak Peek Participation Card,2017-04-29
TCG,MACR,,,Maximum Crisis,2017-05-05
OCG,CP17,,,Collectors Pack 2017,2017-05-13
OCG,VJMP,,,V Jump July 2017 promotional card,2017-05-20
TCG,DPDG,,,Duelist Pack: Dimensional Guardians,2017-05-26
OCG,LG01 LG02,,,Yu-Gi-Oh! Duel Links Legend Deck Guide: Yami Yugi VS Seto Kaiba promotional cards,2017-06-02
OCG,DP18,,,Duelist Pack: Legend Duelist,2017-06-03
TCG,MVPC,,,Yu-Gi-Oh! The Dark Side of Dimensions Blu-ray & DVD promotional card,2017-06-07
TCG,MACR-SE,,,Maximum Crisis: Special Edition,2017-06-09
OCG,SD32,,,Structure Deck: Cyberse Link,2017-06-17
OCG,VJMP,,,V Jump August 2017 promotional card,2017-06-21
TCG,PEVO,,,Pendulum Evolution,2017-06-23
TCG,JUMP,,,Weekly Shonen Jump July 2017 membership promotional card,2017-06-30
OCG,17TP-3,,,Tournament Pack 2017 Vol.2,2017-07-01
TCG,BLLR,,,Battles of Legend: Light's Revenge,2017-07-07
OCG,CIBR,,,Circuit Break,2017-07-08
OCG,VP17,,,LINK VRAINS Edition,2017-07-21
TCG,YS17,,,Starter Deck: Link Strike,2017-07-21
OCG,VJMP,,,V Jump September 2017 promotional card,2017-07-21
OCG,VF17,,,Jump Victory Carnival 2017 promotional card,2017-07-22
TCG,TKN4,,,Yu-Gi-Oh! Day July 2017 promotional card,2017-07-22
TCG,COTD-SP,,,Code of the Duelist Sneak Peek Participation Card,2017-07-29
TCG,JMPS,,,WSJ Jump Pack Fall 2017 promotional card,2017-08-01
TCG,COTD,,,Code of the Duelist,2017-08-04
OCG,SJMP,,,Saikyō Jump September 2017 promotional card,2017-08-04
TCG,OP05,,,OTS Tournament Pack 5,2017-08-05
OCG,17SP,,,Special Pack,2017-08-05
OCG,DBSW,,,Deck-Build Pack: Spirit Warriors,2017-08-11
OCG,2017-P,,,Yu-Gi-Oh! World Championship 2017 attendance cards,2017-08-13
OCG,2017,,,Yu-Gi-Oh! World Championship 2017 prize cards,2017-08-13
TCG,2017,,,Yu-Gi-Oh! World Championship 2017 prize cards,2017-08-13
OCG,VJMP,,,V Jump October 2017 promotional card,2017-08-21
TCG,MP17,,,2017 Mega-Tin Mega Pack,2017-08-25
TCG,CT14,,,2017 Mega-Tins,2017-08-25
TCG,YCSW,,,Yu-Gi-Oh! Championship Series 2017 prize card,2017-08-27
TCG,YA02,,,Yu-Gi-Oh! ARC-V Volume 2 promotional card,2017-09-05
TCG,LEDU,,,Legendary Duelists,2017-09-08
OCG,EP17,,,Extra Pack 2017,2017-09-09
OCG,17CC,,,Link Monster Present,2017-09-09
TCG,YUCB,,,Yugi's Collector Box,2017-09-15
TCG,COTD-SE,,,Code of the Duelist: Special Edition,2017-09-21
OCG,VJMP,,,V Jump Fall 2017 subscription bonus,2017-09-21
OCG,VJMP,,,V Jump November 2017 promotional card,2017-09-21
OCG,SR04,,,Structure Deck R: Surge of Divine Light,2017-09-23
OCG,17TP-4,,,Tournament Pack 2017 Vol.4,2017-10-01
OCG,YS02,,,Yu-Gi-Oh! ARC-V The Strongest Duelist Yuya!! Volume 2 promotional card,2017-10-04
OCG,YA04,,,Yu-Gi-Oh! ARC-V Volume 4 promotional card,2017-10-04
TCG,LEDD,,,Legendary Dragon Decks,2017-10-06
OCG,17PR,,,Promotion Pack 2017,2017-10-07
TCG,CIBR-SP,,,Circuit Break Sneak Peek Participation Card,2017-10-14
OCG,EXFO,,,Extreme Force,2017-10-14
TCG,CIBR,,,Circuit Break,2017-10-20
OCG,VJMP,,,V Jump December 2017 promotional card,2017-10-21
TCG,SDCL,,,Structure Deck: Cyberse Link,2017-11-02
OCG,DP19,,,Duelist Pack: Legend Duelist 2,2017-11-11
TCG,SPWA,,,Spirit Warriors,2017-11-16
TCG,KACB,,,Kaiba's Collector Box,2017-11-17
OCG,VJMP,,,V Jump January 2018 promotional card,2017-11-21
OCG,LVP1,,,LINK VRAINS Pack,2017-11-25
TCG,JUMP,,,Weekly Shonen Jump November 2017 membership promotional card,2017-12-01
TCG,OP06,,,OTS Tournament Pack 6,2017-12-07
TCG,CIBR-SE,,,Circuit Break Special Edition,2017-12-08
OCG,SD33,,,Structure Deck: Powercode Link,2017-12-09
OCG,JF18,,,Jump Festa 2018 Special Set,2017-12-16
OCG,PP20,,,Premium Pack 20,2017-12-16
OCG,VJMP,,,V Jump February 2018 promotional card,2017-12-16
OCG,LVB1,,,LINK VRAINS Box,2017-12-23
OCG,18TP-1,,,Tournament Pack 2018 Vol.1,2018-01-01
TCG,JMPS,,,WSJ Jump Pack Spring 2018 promotional card,2018-01-01
OCG,FLOD,,,Flames of Destruction,2018-01-13
TCG,SR05,,,Structure Deck: Wave of Light,2018-01-19
OCG,VJMP,,,V Jump March 2018 promotional card,2018-01-20
TCG,EXFO-SP,,,Extreme Force Sneak Peek Participation Card,2018-01-27
TCG,JUMP,,,Weekly Shonen Jump January 2018 membership promotional card,2018-02-01
TCG,EXFO,,,Extreme Force,2018-02-02
OCG,RC02,,,Rarity Collection 20th Anniversary Edition,2018-02-10
OCG,VJMP,,,V Jump April 2018 promotional card,2018-02-21
TCG,LED2,,,Legendary Duelists: Ancient Millennium,2018-02-23
OCG,VB20,,,The Valuable Book 20 promotional cards,2018-02-23
OCG,DBDS,,,Deck-Build Pack: Dark Saviors,2018-02-24
TCG,LART,,,The Lost Art Promotion,2018-03-01
TCG,YA03,,,Yu-Gi-Oh! ARC-V Volume 3 promotional card,2018-03-06
TCG,LC06,,,Legendary Collection Kaiba,2018-03-08
TCG,LCKC,,,Legendary Collection Kaiba Mega Pack,2018-03-08
OCG,SR06,,,Structure Deck R: Curse of the Dark,2018-03-10
OCG,VJMP,,,V Jump May 2018 promotional card,2018-03-20
OCG,VJMP,,,V Jump Spring 2018 subscription bonus,2018-03-20
TCG,EXFO-SE,,,Extreme Force Special Edition,2018-03-23
OCG,RB05,,,Perfect Rulebook 2018 promotional card,2018-03-23
OCG,18SP-1,,,Special Pack 20th Anniversary Edition Vol.1,2018-03-24
OCG,ST18,,,Starter Deck 2018,2018-03-24
TCG,YUCB/KACB,,,Yugi & Kaiba Collector Box,2018-03-29
TCG,SP18,,,Star Pack VRAINS,2018-03-30
OCG,18TP-2,,,Tournament Pack 2018 Vol.2,2018-04-01
OCG,YA05,,,Yu-Gi-Oh! ARC-V Volume 5 promotional card,2018-04-04
TCG,OP07,,,OTS Tournament Pack 7,2018-04-13
OCG,CYHO,,,Cybernetic Horizon,2018-04-14
TCG,SR06,,,Structure Deck: Lair of Darkness,2018-04-20
OCG,VJMP,,,V Jump June 2018 promotional card,2018-04-21
OCG,WJMP,,,"Weekly Shōnen Jump 2018, Issue 21–22 promotional card",2018-04-23
TCG,FLOD-SP,,,Flames of Destruction Sneak Peek Participation Card,2018-04-28
TCG,JUMP,,,Weekly Shonen Jump May 2018 membership promotional card,2018-05-01
TCG,FLOD,,,Flames of Destruction,2018-05-04
OCG,CP18,,,Collectors Pack 2018,2018-05-12
OCG,VP18,,,20th Anniversary Legendary Dragons,2018-05-21
OCG,VJMP,,,V Jump July 2018 promotional card,2018-05-21
TCG,DASA,,,Dark Saviors,2018-05-24
OCG,18PR,,,Promotion Pack 2018,2018-05-27
TCG,FLOD-SE,,,Flames of Destruction Special Edition,2018-06-08
OCG,DP20,,,Duelist Pack: Legend Duelist 3,2018-06-09
OCG,18SP-2,,,Special Pack 20th Anniversary Edition Vol.2,2018-06-09
OCG,VJMP,,,V Jump August 2018 promotional card,2018-06-21
OCG,SD34,,,Structure Deck: Master Link,2018-06-23
TCG,BLRR,,,Battles of Legend: Relentless Revenge,2018-06-29
OCG,HD18-D,,,Half Deck 2018: DARK,2018-06-30
OCG,HD18-L,,,Half Deck 2018: LIGHT,2018-06-30
OCG,18TP-3,,,Tournament Pack 2018 Vol.3,2018-07-01
TCG,YS18,,,Starter Deck: Codebreaker,2018-07-13
OCG,SOFU,,,Soul Fusion,2018-07-14
OCG,VF18,,,Jump Victory Carnival 2018 promotional card,2018-07-16
TCG,CYHO-SP,,,Cybernetic Horizon Sneak Peek Participation Card,2018-07-21
OCG,VJMP,,,V Jump September 2018 promotional card,2018-07-21
TCG,CYHO,,,Cybernetic Horizon,2018-07-27
OCG,SJMP,,,Saikyō Jump September 2018 promotional card,2018-08-03
OCG,DBHS,,,Deck-Build Pack: Hidden Summoners,2018-08-04
OCG,2018-P,,,Yu-Gi-Oh! World Championship 2018 attendance cards,2018-08-05
OCG,2018,,,Yu-Gi-Oh! World Championship 2018 prize cards,2018-08-05
TCG,2018,,,Yu-Gi-Oh! World Championship 2018 prize cards,2018-08-05
TCG,SDPL,,,Structure Deck: Powercode Link,2018-08-10
TCG,JUMP,,,Weekly Shonen Jump July 2018 membership promotional card,2018-08-12
TCG,SHVA,,,Shadows in Valhalla,2018-08-16
TCG,OP08,,,OTS Tournament Pack 8,2018-08-17
OCG,20TH-S,,,20th Anniversary Set,2018-08-18
OCG,VJMP,,,V Jump October 2018 promotional card,2018-08-21
TCG,MP18,,,2018 Mega-Tin Mega Pack,2018-08-30
TCG,CT15,,,2018 Mega-Tins,2018-08-30
TCG,JMPS,,,WSJ Jump Pack Fall 2018 promotional card,2018-09-01
TCG,MVP1-SE,,,Yu-Gi-Oh! The Dark Side of Dimensions Movie Pack Special Edition,2018-09-07
OCG,EP18,,,Extra Pack 2018,2018-09-08
OCG,18SP-3,,,Special Pack 20th Anniversary Edition Vol.3,2018-09-08
TCG,CYHO-SE,,,Cybernetic Horizon Special Edition,2018-09-13
OCG,VJMP,,,V Jump Fall 2018 subscription bonus,2018-09-21
OCG,VJMP,,,V Jump November 2018 promotional card,2018-09-21
OCG,SR07,,,Structure Deck R: Undead World,2018-09-22
TCG,YCSW,,,Yu-Gi-Oh! Championship Series 2018 prize card,2018-09-23
TCG,LED3,,,Legendary Duelists: White Dragon Abyss,2018-09-28
OCG,18TP-4,,,Tournament Pack 2018 Vol.4,2018-10-01
OCG,YA06,,,Yu-Gi-Oh! ARC-V Volume 6 promotional card,2018-10-04
TCG,LEHD,,,Legendary Hero Decks,2018-10-05
OCG,SEDS,,,Sky Striker Ace Duel Set,2018-10-06
OCG,SAST,,,Savage Strike,2018-10-13
TCG,SOFU-SP,,,Soul Fusion Sneak Peek Participation Card,2018-10-13
TCG,SOFU,,,Soul Fusion,2018-10-19
OCG,VJMP,,,V Jump December 2018 promotional card,2018-10-20
OCG,20DS,,,20th Anniversary Duel Set (Obelisk the Tormentor),2018-10-31
TCG,SR07,,,Structure Deck: Zombie Horde,2018-11-02
TCG,YA04,,,Yu-Gi-Oh! ARC-V Volume 4 promotional card,2018-11-02
TCG,AC18,,,Yu-Gi-Oh! Advent Calendar (2018),2018-11-02
OCG,DP21,,,Duelist Pack: Legend Duelist 4,2018-11-10
OCG,YCPC,,,Yu-Gi-Oh! Chips,2018-11-12
TCG,HISU,,,Hidden Summoners,2018-11-18
OCG,VJMP,,,V Jump January 2019 promotional card,2018-11-21
TCG,JUMP,,,Weekly Shonen Jump November 2018 membership promotional card,2018-11-21
OCG,LVP2,,,LINK VRAINS Pack 2,2018-11-23
TCG,OP09,,,OTS Tournament Pack 9,2018-12-07
TCG,SOFU-SE,,,Soul Fusion Special Edition,2018-12-07
OCG,18SP-4,,,Special Pack 20th Anniversary Edition Vol.4,2018-12-08
OCG,SD35,,,Structure Deck: Soulburner,2018-12-08
OCG,SD35-P,,,Structure Deck: Soulburner Extra Deck Enhancement Pack,2018-12-08
OCG,VJMP,,,V Jump February 2019 promotional card,2018-12-21
OCG,20TH-B,,,20th Anniversary Duelist Box,2018-12-22
OCG,JF19,,,Jump Festa Limited Pack 2019,2018-12-22
OCG,19PP,,,Premium Pack 2019,2018-12-22
OCG,SSD1,,,Speed Start Deck Link Edition,2018-12-22
OCG,SSD2,,,Speed Start Deck Synchro Edition,2018-12-22
TCG,LART,,,The Lost Art Promotion 2019,2019-01-01
OCG,19TP-1,,,Tournament Pack 2019 Vol.1,2019-01-01
TCG,JUMP,,,WSJ Jump Pack Spring 2019 promotional card,2019-01-01
TCG,LED4,,,Legendary Duelists: Sisters of the Rose,2019-01-11
OCG,DANE,,,Dark Neostorm,2019-01-12
OCG,VJMP,,,V Jump March 2019 promotional card,2019-01-21
TCG,SS01,,,Speed Duel Starter Decks: Destiny Masters,2019-01-24
TCG,SS02,,,Speed Duel Starter Decks: Duelists of Tomorrow,2019-01-24
TCG,SAST-SP,,,Savage Strike Sneak Peek Participation Card,2019-01-26
TCG,SAST,,,Savage Strike,2019-02-01
OCG,,,,"""Blue-Eyes White Dragon"" 20th Anniversary Gold Edition",2019-02-04
OCG,20TH-C,,,20th Anniversary Legend Collection,2019-02-09
OCG,20CP,,,20th Secret Rare Special Pack,2019-02-09
OCG,MSC1,,,Monster Strike collaboration cards,2019-02-15
TCG,SDSB,,,Structure Deck: Soulburner,2019-02-15
OCG,VJMP,,,V Jump April 2019 promotional card,2019-02-21
OCG,20CP-C,,,20th Secret Rare Challenge Pack,2019-02-23
OCG,DBIC,,,Deck-Build Pack: Infinity Chasers,2019-02-23
TCG,YA05,,,Yu-Gi-Oh! ARC-V Volume 5 promotional card,2019-03-05
TCG,SAST-SE,,,Savage Strike Special Edition,2019-03-08
OCG,SR08,,,Structure Deck R: Lord of Magician,2019-03-09
OCG,VB21,,,The Valuable Book 21 promotional cards,2019-03-20
OCG,VJMP,,,V Jump May 2019 promotional card,2019-03-20
OCG,VJMP,,,V Jump Spring 2019 subscription bonus,2019-03-20
OCG,DMMD,,,Yu-Gi-Oh! Duelist and Monsters Memorial Disc Blu-ray & DVD promotional card,2019-03-20
TCG,SBLS,,,Speed Duel: Arena of Lost Souls,2019-03-22
TCG,INCH,,,The Infinity Chasers,2019-03-22
OCG,ST19,,,Starter Deck 2019,2019-03-23
OCG,19TP-2,,,Tournament Pack 2019 Vol.2,2019-04-01
TCG,DUPO,,,Duel Power,2019-04-03
TCG,YDPR-S,,,Yu-Gi-Oh! Day April 2019 promotional card,2019-04-06
OCG,RIRA,,,Rising Rampage,2019-04-13
OCG,19SP-5,,,Special Pack 20th Anniversary Edition Vol.5,2019-04-13
TCG,OP10,,,OTS Tournament Pack 10,2019-04-18
TCG,STP1,,,Speed Duel Tournament Pack 1,2019-04-18
TCG,SR08,,,Structure Deck: Order of the Spellcasters,2019-04-19
OCG,VJMP,,,V Jump June 2019 promotional card,2019-04-20
OCG,LDLE-B,,,Yu-Gi-Oh! Legacy of the Duelist: Link Evolution Duelist Complete Guide promotional card,2019-04-25
TCG,DANE-SP,,,Dark Neostorm Sneak Peek Participation Card,2019-04-27
OCG,WJMP,,,"Weekly Shōnen Jump 2019, Issue 22–23 promotional card",2019-04-27
TCG,DANE,,,Dark Neostorm,2019-05-03
OCG,19YJ-O,,,"Armillyre, the Starleader Dragon Duel Set",2019-05-11
OCG,19PR,,,Promotion Pack 2019,2019-05-11
OCG,19YJ-O,,,Witchcrafter Duel Set,2019-05-11
OCG,,,,Yu-Gi-Oh! Championship Series Japan 2019 prize card,2019-05-11
OCG,CP19,,,Collection Pack: Duelist of Revolution Version,2019-05-18
OCG,VJMP,,,V Jump July 2019 promotional card,2019-05-21
TCG,SBAD,,,Speed Duel: Attack from the Deep,2019-05-31
OCG,DP22,,,Duelist Pack: Legend Duelist 5,2019-06-08
TCG,DEM5,,,Speed Duel Demo Deck,2019-06-08
TCG,DANE-SE,,,Dark Neostorm Special Edition,2019-06-14
TCG,JUMP,,,Weekly Shonen Jump June 2019 membership promotional cards,2019-06-18
OCG,VJMP,,,V Jump August 2019 promotional card,2019-06-21
OCG,SD36,,,Structure Deck: Revolver,2019-06-22
OCG,SD36-P,,,Structure Deck: Revolver Extra Deck Enhancement Pack,2019-06-22
OCG,19TP-3,,,Tournament Pack 2019 Vol.3,2019-07-01
OCG,YA07,,,Yu-Gi-Oh! ARC-V Volume 7 promotional card,2019-07-04
TCG,BLHR,,,Battles of Legend: Hero's Revenge,2019-07-12
OCG,CHIM,,,Chaos Impact,2019-07-13
OCG,19SP-6,,,Special Pack 20th Anniversary Edition Vol.6,2019-07-13
TCG,RIRA-SP,,,Rising Rampage Sneak Peek Participation Card,2019-07-20
OCG,VJMP,,,V Jump September 2019 promotional card,2019-07-20
OCG,VF19,,,Jump Victory Carnival 2019 promotional card,2019-07-21
TCG,RIRA,,,Rising Rampage,2019-07-26
OCG,VP19,,,20th Anniversary Secret Selection,2019-08-01
TCG,EVSD,,,Event Pack Speed Duel,2019-08-02
TCG,SS03,,,Speed Duel Starter Decks: Ultimate Predators,2019-08-02
TCG,SBSC,,,Speed Duel: Scars of Battle,2019-08-02
OCG,DBMF,,,Deck-Build Pack: Mystic Fighters,2019-08-03
OCG,2019-P,,,Yu-Gi-Oh! World Championship 2019 attendance cards,2019-08-10
OCG,2019,,,Yu-Gi-Oh! World Championship 2019 prize cards,2019-08-11
TCG,2019,,,Yu-Gi-Oh! World Championship 2019 prize cards,2019-08-11
TCG,OP11,,,OTS Tournament Pack 11,2019-08-15
TCG,SDRR,,,Structure Deck: Rokket Revolt,2019-08-16
TCG,EVSD-S,,,Speed Duel: Scars of Battle Launch Event participation card,2019-08-17
TCG,LOD2,,,Yu-Gi-Oh! Legacy of the Duelist: Link Evolution promotional cards,2019-08-20
OCG,VJMP,,,V Jump October 2019 promotional card,2019-08-21
TCG,FIGA,,,Fists of the Gadgets,2019-08-23
TCG,YCSW,,,Yu-Gi-Oh! Championship Series 2019 prize card,2019-08-25
TCG,TN19,,,2019 Gold Sarcophagus Tin,2019-08-30
TCG,MP19,,,2019 Gold Sarcophagus Tin Mega Pack,2019-08-30
OCG,LVDS,,,LINK VRAINS Duelist Set,2019-08-31
TCG,YA06,,,Yu-Gi-Oh! ARC-V Volume 6 promotional card,2019-09-03
TCG,RIRA-SE,,,Rising Rampage Special Edition,2019-09-13
OCG,EP19,,,Extra Pack 2019,2019-09-14
OCG,VJMP,,,V Jump Fall 2019 subscription bonus,2019-09-21
OCG,VJMP,,,V Jump November 2019 promotional card,2019-09-21
OCG,20DS,,,20th Anniversary Duel Set (Slifer the Sky Dragon),2019-09-26
TCG,LED5,,,Legendary Duelists: Immortal Destiny,2019-09-26
TCG,AC19,,,Yu-Gi-Oh! Advent Calendar (2019),2019-09-26
OCG,SR09,,,Structure Deck R: Warriors' Strike,2019-09-28
OCG,19TP-4,,,Tournament Pack 2019 Vol.4,2019-10-01
OCG,SJMP,,,Saikyō Jump November 2019 promotional card,2019-10-04
TCG,STP2,,,Speed Duel Tournament Pack 2,2019-10-10
TCG,DUDE,,,Duel Devastator,2019-10-11
OCG,IGAS,,,Ignition Assault,2019-10-12
OCG,20CP-T,,,Surpassing 10000 Cards Commemoration Special Pack,2019-10-12
TCG,CHIM-SP,,,Chaos Impact Sneak Peek Participation Card,2019-10-19
OCG,DCP1,,,Duelist Card Protector Six Attribute Set,2019-10-19
OCG,VJMP,,,V Jump December 2019 promotional card,2019-10-21
TCG,CHIM,,,Chaos Impact,2019-10-25
OCG,19YJ-T,,,@Ignister Duel Set,2019-11-03
OCG,19YJ-T,,,Awakening of the Possessed Duel Set,2019-11-03
OCG,DP23,,,Duelist Pack: Legend Duelist 6,2019-11-09
OCG,19CC,,,Special Token Card Present Campaign (2019),2019-11-09
OCG,YMAB,,,20th Anniversary Monster Art Box,2019-11-20
OCG,VJMP,,,V Jump January 2020 promotional card,2019-11-21
TCG,MYFI,,,Mystic Fighters,2019-11-22
OCG,LVP3,,,LINK VRAINS Pack 3,2019-11-23
TCG,SBTK-SP,,,Speed Duel: Trials of the Kingdom Sneak Peek participation cards,2019-11-30
TCG,CHIM-SE,,,Chaos Impact Special Edition,2019-12-05
TCG,OP12,,,OTS Tournament Pack 12,2019-12-05
TCG,SBTK,,,Speed Duel: Trials of the Kingdom,2019-12-05
OCG,SD37,,,Structure Deck: Rebirth of Shaddoll,2019-12-07
OCG,SD37-P,,,Structure Deck: Rebirth of Shaddoll Deck Enhancement Pack,2019-12-07
OCG,JF20,,,Jump Festa Limited Pack 2020,2019-12-21
OCG,LGB1,,,Legendary Gold Box,2019-12-21
OCG,VJMP,,,V Jump February 2020 promotional card,2019-12-21
TCG,LART,,,The Lost Art Promotion 2020,2020-01-01
OCG,20TP-1,,,Tournament Pack 2020 Vol.1,2020-01-01
OCG,20CP-F,,,20th Secret Rare Final Challenge Pack,2020-01-11
OCG,ETCO,,,Eternity Code,2020-01-11
TCG,LED6,,,Legendary Duelists: Magical Hero,2020-01-17
OCG,VJMP,,,V Jump March 2020 promotional card,2020-01-21
TCG,MVP1-S,,,Yu-Gi-Oh! The Dark Side of Dimensions Movie Pack Secret Edition,2020-01-24
TCG,IGAS-SP,,,Ignition Assault Sneak Peek Participation Card,2020-01-25
TCG,IGAS,,,Ignition Assault,2020-01-30
TCG,JMPS-S,,,SJ Jump Pack Spring 2020 promotional card,2020-02-01
OCG,YO01,,,Yu-Gi-Oh! OCG Structures Volume 1 promotional card,2020-02-04
OCG,MG06,,,Master Guide 6 promotional cards,2020-02-07
OCG,RC03,,,Rarity Collection Premium Gold Edition,2020-02-08
TCG,SDSH,,,Structure Deck: Shaddoll Showdown,2020-02-14
OCG,20YJ-N,,,Magicians' Combination Duel Set,2020-02-15
OCG,20YJ-N,,,Sky Striker Ace Duel Set 2,2020-02-15
OCG,VJMP,,,V Jump April 2020 promotional card,2020-02-21
OCG,20PP,,,Premium Pack 2020,2020-02-22
OCG,SR10,,,Structure Deck R: Machiners Command,2020-02-22
TCG,IGAS-SE,,,Ignition Assault Special Edition,2020-03-05
OCG,DBSS,,,Deck-Build Pack: Secret Slayers,2020-03-07
TCG,DUOV,,,Duel Overload,2020-03-19
OCG,VB22,,,The Valuable Book 22 promotional cards,2020-03-19
OCG,SD38,,,Structure Deck: Sacred Beasts of Chaos,2020-03-20
OCG,SD38-P,,,Structure Deck: Sacred Beasts of Chaos Sacred Beasts Unleashed Pack,2020-03-20
OCG,VJMP,,,V Jump May 2020 promotional card,2020-03-21
OCG,VJMP,,,V Jump Spring 2020 subscription bonus,2020-03-21
OCG,RB06,,,Perfect Rulebook 2020 promotional card,2020-03-27
OCG,WP01,,,20th Anniversary Legend Selection,2020-03-28
TCG,OP13,,,OTS Tournament Pack 13,2020-04-16
TCG,SESL,,,Secret Slayers,2020-04-16
TCG,SR10,,,Structure Deck: Mechanized Madness,2020-04-16
OCG,ROTD,,,Rise of the Duelist,2020-04-18
OCG,ROTD-S,,,Rise of the Duelist +1 Bonus Pack,2020-04-18
OCG,VJMP,,,V Jump June 2020 promotional card,2020-04-21
TCG,ETCO-SP,,,Eternity Code Premiere! promotional card,2020-04-25
TCG,ETCO,,,Eternity Code,2020-05-01
TCG,SS04,,,Speed Duel Starter Decks: Match of the Millennium,2020-05-15
TCG,SS05,,,Speed Duel Starter Decks: Twisted Nightmares,2020-05-15
OCG,VJMP,,,V Jump July 2020 promotional card,2020-05-21
OCG,,,,"""Dark Magician Girl"" Special Card",2020-05-22
OCG,DP24,,,Duelist Pack: Duelists of Gloom,2020-05-30
OCG,20TP-2,,,Tournament Pack 2020 Vol.2,2020-06-01
TCG,YA07,,,Yu-Gi-Oh! ARC-V Volume 7 promotional card,2020-06-02
TCG,TOCH,,,Toon Chaos,2020-06-18
OCG,VJMP,,,V Jump August 2020 promotional card,2020-06-19
OCG,CP20,,,Collection Pack 2020,2020-06-20
OCG,TK01,,,Token Pack,2020-06-20
OCG,PSEC,,,"Prismatic Secret Rare ""Blue-Eyes White Dragon"" GET Campaign",2020-07-01
OCG,20TP-3,,,Tournament Pack 2020 Vol.3,2020-07-01
TCG,LDS1,,,Legendary Duelists: Season 1,2020-07-02
OCG,SD39,,,Structure Deck: Masters of the Spiritual Arts,2020-07-04
OCG,SD39-P,,,Structure Deck: Masters of the Spiritual Arts Spirit Art Awakening Pack,2020-07-04
TCG,SDSA,,,Structure Deck: Sacred Beasts,2020-07-09
OCG,VJMP,,,V Jump September 2020 promotional card,2020-07-21
TCG,BLAR,,,Battles of Legend: Armageddon,2020-07-23
OCG,VP20,,,Prismatic Special Pack,2020-07-30
TCG,ROTD-SP,,,Rise of the Duelist Premiere! promotional card,2020-08-01
TCG,ROTD,,,Rise of the Duelist,2020-08-06
OCG,PHRA,,,Phantom Rage,2020-08-08
OCG,PHRA-S,,,Phantom Rage +1 Bonus Pack,2020-08-08
OCG,VJMP,,,V Jump October 2020 promotional card,2020-08-21
TCG,MP20,,,2020 Tin of Lost Memories,2020-08-27
TCG,2020,,,KC Grand Tournament prize card,2020-08-27
OCG,2020,,,KC Grand Tournament prize card,2020-08-29
OCG,SR11,,,Structure Deck R: Dragunity Drive,2020-08-29
OCG,SR11-P,,,Structure Deck R: Dragunity Drive Legend of the Dragon Ravine Pack,2020-08-29
OCG,PSEC,,,"Prismatic Secret Rare ""Dark Magician"" GET Campaign",2020-09-01
OCG,YO02,,,Yu-Gi-Oh! OCG Structures Volume 2 promotional card,2020-09-04
TCG,DLCS,,,Dragons of Legend: The Complete Series,2020-09-11
OCG,DBGI,,,Deck-Build Pack: Genesis Impactors,2020-09-12
OCG,VJMP,,,V Jump Fall 2020 subscription bonus,2020-09-19
OCG,VJMP,,,V Jump November 2020 promotional card,2020-09-19
TCG,LED7,,,Legendary Duelists: Rage of Ra,2020-09-25
OCG,SBPR,,,Remote Duel Discord Official Server Registration Campaign,2020-09-30
OCG,SBPR,,,Summer National General Yu-Gi-Oh! OCG Test promotional card,2020-09-30
OCG,20TP-4,,,Tournament Pack 2020 Vol.4,2020-10-01
OCG,WPP1,,,World Premiere Pack 2020,2020-10-03
TCG,OP14,,,OTS Tournament Pack 14,2020-10-08
OCG,VJMP,,,V Jump December 2020 promotional card,2020-10-21
TCG,SDCH,,,Structure Deck: Spirit Charmers,2020-10-23
OCG,BLVO,,,Blazing Vortex,2020-10-31
OCG,BLVO-P,,,Blazing Vortex +1 Bonus Pack,2020-10-31
TCG,PHRA-SP,,,Phantom Rage Premiere! promotional card,2020-10-31
TCG,PHRA,,,Phantom Rage,2020-11-06
TCG,MAGO,,,Maximum Gold,2020-11-12
TCG,SBCB,,,Speed Duel: Battle City Box,2020-11-20
OCG,SD40,,,Structure Deck: Ice Barrier of the Frozen Prison,2020-11-21
OCG,SD40-P,,,Structure Deck: Ice Barrier of the Frozen Prison Melting Destiny Pack,2020-11-21
OCG,VJMP,,,V Jump January 2021 promotional card,2020-11-21
OCG,SBPR,,,Yu-Gi-Oh! United Duel Tournament 2020 prize card,2020-11-23
TCG,GEIM,,,Genesis Impact,2020-12-04
OCG,SLT1,,,Selection 10,2020-12-05
OCG,TK02,,,Token Pack Vol.2,2020-12-05
OCG,PGB1,,,Prismatic God Box,2020-12-19
OCG,VJMP,,,V Jump February 2021 promotional card,2020-12-21
OCG,21PP,,,Premium Pack 2021,2020-12-28
TCG,LART,,,The Lost Art Promotion 2021,2021-01-01
OCG,21TP-1,,,Tournament Pack 2021 Vol.1,2021-01-01
OCG,LIOV,,,Lightning Overdrive,2021-01-16
OCG,LIOV-S,,,Lightning Overdrive +1 Bonus Pack,2021-01-16
OCG,VJMP,,,V Jump March 2021 promotional card,2021-01-21
TCG,LDS2,,,Legendary Duelists: Season 2,2021-01-22
TCG,BLVO-SP,,,Blazing Vortex Premiere! promotional card,2021-01-30
TCG,BLVO,,,Blazing Vortex,2021-02-04
OCG,PAC1,,,Prismatic Art Collection,2021-02-06
TCG,OP15,,,OTS Tournament Pack 15,2021-02-17
TCG,SDFC,,,Structure Deck: Freezing Chains,2021-02-18
OCG,21CC,,,"""Amabie-San"" Present Campaign",2021-02-20
OCG,VJMP,,,V Jump April 2021 promotional card,2021-02-20
OCG,DBAG,,,Deck-Build Pack: Ancient Guardians,2021-03-06
OCG,VX01,,,The Valuable Book EX promotional cards,2021-03-19
OCG,VJMP,,,V Jump May 2021 promotional card,2021-03-19
OCG,VJMP,,,V Jump Spring 2021 subscription bonus,2021-03-19
OCG,21TP-2,,,Tournament Pack 2021 Vol.2,2021-04-01
OCG,YO01,,,Yu-Gi-Oh! OCG Structures Volume 3 promotional card,2021-04-02
TCG,GFTP,,,Ghosts From the Past,2021-04-15
OCG,DAMA,,,Dawn of Majesty,2021-04-17
OCG,DAMA-S,,,Dawn of Majesty +1 Bonus Pack,2021-04-17
OCG,VJMP,,,V Jump June 2021 promotional card,2021-04-21
OCG,NCF1,,,Number Complete File -Piece of Memories-,2021-04-28
TCG,ANGU,,,Ancient Guardians,2021-05-06
OCG,SD41,,,Structure Deck: Cyber Style's Successor,2021-05-15
OCG,SD41-P,,,Structure Deck: Cyber Style's Successor Secret Technique Inheritance Pack,2021-05-15
OCG,TK03,,,Token Pack Vol.3,2021-05-15
OCG,VJMP,,,V Jump July 2021 promotional card,2021-05-21
OCG,DP25,,,Duelist Pack: Duelists of Whirlwind,2021-05-22
TCG,21CC,,,Yu-Gi-Oh! Remote Duel Extravaganza participation card,2021-05-22
OCG,VP21,,,Legendary Monsters Pack,2021-05-27
TCG,LIOV-SP,,,Lightning Overdrive Premiere! promotional card,2021-05-29
TCG,LIOV,,,Lightning Overdrive,2021-06-03
TCG,OP16,,,OTS Tournament Pack 16,2021-06-10
OCG,AC01,,,Animation Chronicle 2021,2021-06-12
TCG,EGO1,,,Egyptian God Deck: Obelisk the Tormentor,2021-06-17
TCG,EGS1,,,Egyptian God Deck: Slifer the Sky Dragon,2021-06-17
OCG,VJMP,,,V Jump August 2021 promotional card,2021-06-21
OCG,SD42,,,Structure Deck: Overlay Universe,2021-06-26
OCG,SD42-P,,,Structure Deck: Overlay Universe Emperor's Door Pack,2021-06-26
OCG,21TP-3,,,Tournament Pack 2021 Vol.3,2021-07-01
TCG,KICO,,,King's Court,2021-07-08
OCG,DR01,,,Duel Royale Deck Set EX,2021-07-10
OCG,SBPR,,,Yu-Gi-Oh! United Duel Tournament May 2021 prize card,2021-07-11
OCG,BODE,,,Burst of Destiny,2021-07-17
OCG,BODE-S,,,Burst of Destiny +1 Bonus Pack,2021-07-17
OCG,VJMP,,,V Jump September 2021 promotional card,2021-07-21
TCG,,,,Masterpiece Series: Platinum Blue-Eyes White Dragon,2021-08-01
TCG,DAMA-SP,,,Dawn of Majesty Premiere! promotional card,2021-08-07
OCG,SR12,,,Structure Deck R: Lost Sanctuary,2021-08-07
OCG,SR12-P,,,Structure Deck R: Lost Sanctuary Arrival of the Sun God Pack,2021-08-07
TCG,DAMA,,,Dawn of Majesty,2021-08-13
OCG,VJMP,,,V Jump October 2021 promotional card,2021-08-19
OCG,PSEC,,,"Prismatic Secret Rare ""Red-Eyes Black Dragon"" GET Campaign",2021-08-26
OCG,DBGC,,,Deck-Build Pack: Grand Creators,2021-08-28
OCG,2021,,,KC Grand Tournament 2021 prize card,2021-08-28
TCG,2021,,,KC Grand Tournament 2021 prize card,2021-08-28
OCG,VJMP,,,V Jump Fall 2021 subscription bonus,2021-09-21
OCG,VJMP,,,V Jump November 2021 promotional card,2021-09-21
OCG,WPP2,,,World Premiere Pack 2021,2021-09-25
TCG,MP21,,,2021 Tin of Ancient Battles,2021-10-01
OCG,21DP-4,,,Tournament Pack 2021 Vol.4,2021-10-01
TCG,OP17,,,OTS Tournament Pack 17,2021-10-13
TCG,SDCS,,,Structure Deck: Cyber Strike,2021-10-15
OCG,BACH,,,Battle of Chaos,2021-10-16
OCG,BACH-S,,,Battle of Chaos +1 Bonus Pack,2021-10-16
OCG,VJMP,,,V Jump December 2021 promotional card,2021-10-21
TCG,LED8,,,Legendary Duelists: Synchro Storm,2021-10-29
TCG,BODE-SP,,,Burst of Destiny Premiere! promotional card,2021-10-30
OCG,YO01,,,Yu-Gi-Oh! OCG Structures Volume 4 promotional card,2021-11-04
TCG,BODE,,,Burst of Destiny,2021-11-05
TCG,MGED,,,Maximum Gold: El Dorado,2021-11-19
OCG,DP26,,,Duelist Pack: Duelists of the Abyss,2021-11-20
OCG,2021-J,,,Japan Championship 2021 Shop Qualifiers participation card,2021-11-20
OCG,VJMP,,,V Jump January 2022 promotional card,2021-11-20
OCG,TK04,,,Token Pack Vol.4,2021-11-28
OCG,SBPR,,,Yu-Gi-Oh! United Duel Tournament November 2021 prize card,2021-11-28
TCG,BROL,,,Brothers of Legend,2021-12-03
OCG,SD43,,,Structure Deck: Alba Strike,2021-12-04
OCG,22PP,,,Premium Pack 2022,2021-12-18
OCG,VJMP,,,V Jump February 2022 promotional card,2021-12-21
OCG,SSB1,,,Secret Shiny Box,2021-12-25
TCG,LART,,,The Lost Art Promotion 2022,2022-01-01
OCG,22TP-1,,,Tournament Pack 2022 Vol.1,2022-01-01
OCG,DIFO,,,Dimension Force,2022-01-15
OCG,DIFO-S,,,Dimension Force +1 Bonus Pack,2022-01-15
OCG,PPC1,,,Power Pros collaboration cards,2022-01-15
OCG,VJMP,,,V Jump March 2022 promotional card,2022-01-21
OCG,25TH,,,"""Dark Magician Ultra Rare Special Illustration Version"" GET Campaign",2022-01-25
TCG,GRCR,,,The Grand Creators,2022-01-28
TCG,BACH-SP,,,Battle of Chaos Premiere! promotional card,2022-02-05
TCG,BACH,,,Battle of Chaos,2022-02-11
TCG,OP18,,,OTS Tournament Pack 18,2022-02-17
OCG,HC01,,,History Archive Collection,2022-02-19
OCG,VJMP,,,V Jump April 2022 promotional card,2022-02-21
TCG,HAC1,,,Hidden Arsenal: Chapter 1,2022-03-10
TCG,SGX1,,,Speed Duel GX: Duel Academy Box,2022-03-18
OCG,VX02,,,The Valuable Book EX 2 promotional cards,2022-03-18
OCG,DBTM,,,Deck-Build Pack: Tactical Masters,2022-03-19
OCG,VJMP,,,V Jump May 2022 promotional card,2022-03-19
OCG,VJMP,,,V Jump Spring 2022 subscription bonus,2022-03-19
OCG,22YJ-Y,,,Red-Eyes Duel Set,2022-03-23
OCG,DMMS,,,Yu-Gi-Oh! Duel Monsters Millennium Scenes Blu-ray & DVD promotional card,2022-03-23
TCG,STP3,,,Speed Duel Tournament Pack 3,2022-03-24
OCG,22YJ-Y,,,Exosister Duel Set,2022-03-28
OCG,22TP-2,,,Tournament Pack 2022 Vol.2,2022-04-01
TCG,2022,,,Japan Championship 2022 Shop Qualifiers prize cards,2022-04-09
TCG,OPTP,,,Trials of the Pharaoh - Speed Duel GX: Duel Academy Box promotional card,2022-04-09
TCG,SDAZ,,,Structure Deck: Albaz Strike,2022-04-14
OCG,VJMP,,,V Jump June 2022 promotional card,2022-04-21
OCG,KC01,,,25th Anniversary Ultimate Kaiba Set,2022-04-23
OCG,POTE,,,Power of the Elements,2022-04-23
OCG,POTE-S,,,Power of the Elements +1 Bonus Pack,2022-04-23
OCG,DR02,,,Duel Royale Deck Set EX Round 2,2022-04-29
TCG,DIFO-SP,,,Dimension Force Premiere! promotional card,2022-05-14
TCG,GFP2,,,Ghosts From the Past: The 2nd Haunting,2022-05-19
TCG,DIFO,,,Dimension Force,2022-05-20
OCG,VJMP,,,V Jump July 2022 promotional card,2022-05-20
OCG,DP27,,,Duelist Pack: Duelists of Pyroxene,2022-05-21
OCG,VP22,,,Pharaonic Legend Pack,2022-05-27
OCG,YO05,,,Yu-Gi-Oh! OCG Structures Volume 5 promotional card,2022-06-03
OCG,AC02,,,Animation Chronicle 2022,2022-06-11
TCG,OP19,,,OTS Tournament Pack 19,2022-06-15
TCG,LED9,,,Legendary Duelists: Duels From the Deep,2022-06-17
OCG,VJMP,,,V Jump August 2022 promotional card,2022-06-21
OCG,SD44,,,Structure Deck: Legend of the Crystals,2022-06-25
OCG,SD44,,,Structure Deck: Legend of the Crystals Light of Transcending Bonds Pack,2022-06-25
OCG,22TP-3,,,Tournament Pack 2022 Vol.3,2022-07-01
OCG,DABL,,,Darkwing Blast,2022-07-16
OCG,DABL-S,,,Darkwing Blast +1 Bonus Pack,2022-07-16
TCG,LDS3,,,Legendary Duelists: Season 3,2022-07-21
OCG,VJMP,,,V Jump September 2022 promotional card,2022-07-21
TCG,POTE-SP,,,Power of the Elements Premiere! promotional card,2022-07-30
TCG,POTE,,,Power of the Elements,2022-08-05
OCG,SR13,,,Structure Deck R: Devil's Gate,2022-08-06
OCG,SR13-P,,,Structure Deck R: Devil's Gate The Doors of the Abyss Opened Pack,2022-08-06
OCG,DBAD,,,Deck-Build Pack: Amazing Defenders,2022-08-20
OCG,VJMP,,,V Jump October 2022 promotional card,2022-08-20
OCG,PSEC,,,"Prismatic Secret Rare ""Black Luster Soldier"" GET Campaign",2022-08-25
TCG,TAMA,,,Tactical Masters,2022-08-25
TCG,2022,,,KC Grand Tournament 2022 prize card,2022-08-27
TCG,YCSW,,,Yu-Gi-Oh! Championship Series 2022 prize card,2022-08-28
OCG,SBPR,,,Yu-Gi-Oh! United Duel Tournament August 2022 prize card,2022-08-28
OCG,WPP3,,,World Premiere Pack 2022,2022-09-10
OCG,TGS1,,,Tokyo Game Show 2022 promotional card,2022-09-15
TCG,MP22,,,2022 Tin of the Pharaoh's Gods,2022-09-16
OCG,VJMP,,,V Jump Fall 2022 subscription bonus,2022-09-21
OCG,VJMP,,,V Jump November 2022 promotional card,2022-09-21
TCG,STP4,,,Speed Duel Tournament Pack 4,2022-09-28
TCG,SDCB,,,Structure Deck: Legend of the Crystal Beasts,2022-09-29
OCG,22TP-4,,,Tournament Pack 2022 Vol.4,2022-10-01
TCG,OP20,,,OTS Tournament Pack 20,2022-10-05
TCG,SGX2,,,Speed Duel GX: Midterm Paradox,2022-10-06
TCG,DABL-SP,,,Darkwing Blast Premiere! promotional card,2022-10-15
OCG,PHHY,,,Photon Hypernova,2022-10-15
OCG,PHHY-S,,,Photon Hypernova +1 Bonus Pack,2022-10-15
TCG,DABL,,,Darkwing Blast,2022-10-21
OCG,VJMP,,,V Jump December 2022 promotional card,2022-10-21
TCG,MAMA,,,Magnificent Mavens,2022-11-03
OCG,SLF1,,,Selection 5,2022-11-05
OCG,22YJ-O,,,Spright Duel Set,2022-11-12
OCG,22YJ-O,,,Tearlaments Duel Set,2022-11-12
TCG,BLCR,,,Battles of Legend: Crystal Revenge,2022-11-17
OCG,VJMP,,,V Jump January 2023 promotional card,2022-11-21
TCG,SR13,,,Structure Deck: Dark World,2022-12-02
OCG,YOS1,,,Yu-Gi-Oh! OCG Stories Sky Striker Ace Arc Volume 1 promotional card,2022-12-02
OCG,SD45,,,Structure Deck: Forest of the Traptrix,2022-12-03
OCG,SD45-P,,,Structure Deck: Forest of the Traptrix Banquet Invitation Pack,2022-12-03
OCG,23PP,,,Premium Pack 2023,2022-12-17
OCG,23PR,,,Promotion Pack 2023,2022-12-17
OCG,VJMP,,,V Jump February 2023 promotional card,2022-12-21
OCG,SUB1,,,Secret Utility Box,2022-12-24
TCG,LART,,,The Lost Art Promotion 2023,2023-01-01
OCG,23TP-1,,,Tournament Pack 2023 Vol.1,2023-01-01
OCG,YO06,,,Yu-Gi-Oh! OCG Structures Volume 6 promotional card,2023-01-04
OCG,CYAC,,,Cyberstorm Access,2023-01-14
OCG,CYAC-S,,,Cyberstorm Access +1 Bonus Pack,2023-01-14
OCG,PPC2,,,Power Pros 2023 collaboration cards,2023-01-16
TCG,OPTP,,,Trials of the Pharaoh - Speed Duel GX: Midterm Paradox promotional card,2023-01-16
TCG,AMDE,,,Amazing Defenders,2023-01-20
OCG,VJMP,,,V Jump March 2023 promotional card,2023-01-20
TCG,PHHY-SP,,,Photon Hypernova Premiere! promotional card,2023-02-04
TCG,OP21,,,OTS Tournament Pack 21,2023-02-08
TCG,PHHY,,,Photon Hypernova,2023-02-09
OCG,RC04,,,Rarity Collection Quarter Century Edition,2023-02-18
OCG,VJMP,,,V Jump April 2023 promotional card,2023-02-21
TCG,SDBT,,,Structure Deck: Beware of Traptrix,2023-02-24
OCG,SBPR,,,Yu-Gi-Oh! United Duel Tournament February 2023 prize card,2023-02-26
OCG,,,,"""Dark Magician"" Special Card",2023-03-01
OCG,2023,,,Japan Championship 2023 Shop Qualifiers promotional card,2023-03-01
TCG,STP5,,,Speed Duel Tournament Pack 5,2023-03-08
TCG,MAZE,,,Maze of Memories,2023-03-09
OCG,VX03,,,The Valuable Book EX 3 promotional cards,2023-03-17
OCG,DBWS,,,Deck-Build Pack: Wild Survivors,2023-03-18
OCG,VJMP,,,V Jump May 2023 promotional card,2023-03-20
OCG,VJMP,,,V Jump Spring 2023 subscription bonus,2023-03-20
TCG,SGX3,,,Speed Duel GX: Duelists of Shadows,2023-03-30
OCG,23TP-2,,,Tournament Pack 2023 Vol.2,2023-04-01
OCG,DEC1,,,The Dinosaur Expo 2023 Promotion Pack,2023-04-03
TCG,LC01,,,Legendary Collection: 25th Anniversary Edition,2023-04-20
OCG,VJMP,,,V Jump June 2023 promotional card,2023-04-21
OCG,DUNE,,,Duelist Nexus,2023-04-22
OCG,DUNE-S,,,Duelist Nexus +1 Bonus Pack,2023-04-22
TCG,CYAC-SP,,,Cyberstorm Access Premiere! promotional card,2023-04-29
TCG,CYAC,,,Cyberstorm Access,2023-05-05
OCG,CCC1,,,Coco's x Yu-Gi-Oh! Card Game Anniversary Campaign 1,2023-05-16
OCG,VJMP,,,V Jump July 2023 promotional card,2023-05-19
OCG,VP23,,,Quarter Century Anniversary Selection,2023-05-26
OCG,DP28,,,Duelist Pack: Duelists of Explosion,2023-05-27
OCG,23YJ-T,,,Evil★Twin Duel Set,2023-05-28
OCG,23YJ-T,,,Transcendosaurus Duel Set,2023-05-28
OCG,,,,Yu-Gi-Oh! Championship Series Japan 2023 prize card,2023-05-28
TCG,WISU,,,Wild Survivors,2023-06-01
OCG,YOS1,,,Yu-Gi-Oh! OCG Stories Sky Striker Ace Arc Volume 2 promotional card,2023-06-02
OCG,CCC1,,,Coco's x Yu-Gi-Oh! Card Game Anniversary Campaign 2,2023-06-06
OCG,AC03,,,Animation Chronicle 2023,2023-06-10
TCG,OP22,,,OTS Tournament Pack 22,2023-06-19
OCG,VJMP,,,V Jump August 2023 promotional card,2023-06-21
TCG,BLMR,,,Battles of Legend: Monstrous Revenge,2023-06-22
OCG,SD46,,,Structure Deck: Pulse of the King,2023-06-24
OCG,SD46-P,,,Structure Deck: Pulse of the King Rumbling of Heaven and Earth Pack,2023-06-24
OCG,23TP-3,,,Tournament Pack 2023 Vol.3,2023-07-01
OCG,VJMP,,,V Jump September 2023 promotional card,2023-07-21
OCG,AGOV,,,Age of Overlord,2023-07-22
OCG,AGOV-S,,,Age of Overlord +1 Bonus Pack,2023-07-22
TCG,DUNE-SP,,,Duelist Nexus Premiere! promotional card,2023-07-22
TCG,DUNE,,,Duelist Nexus,2023-07-27
OCG,711C,,,Yu-Gi-Oh! Card Game x 7-Eleven Collaboration Campaign,2023-08-03
OCG,YO07,,,Yu-Gi-Oh! OCG Structures Volume 7 promotional card,2023-08-04
OCG,2023-D,,,Legendary Dragon of White/Legendary Magician of Dark Duel Set,2023-08-06
OCG,2023-P,,,Yu-Gi-Oh! World Championship 2023 attendance cards,2023-08-06
TCG,2023,,,Yu-Gi-Oh! World Championship 2023 prize cards,2023-08-06
TCG,LD10,,,Legendary Duelists: Soulburning Volcano,2023-08-10
OCG,23YA,,,Area Championship 2023 prize card,2023-08-12
OCG,VJMP,,,V Jump October 2023 promotional card,2023-08-21
TCG,SBC1,,,Speed Duel: Streets of Battle City,2023-08-24
OCG,25DS,,,"Quarter Century Duel Set ""The Winged Dragon of Ra""",2023-08-25
OCG,DBVS,,,Deck-Build Pack: Valiant Smashers,2023-08-26
OCG,,,,"Legendary ""Black Luster Soldier"" GET Campaign",2023-08-26
TCG,TBC1,,,The Pot Collection,2023-09-01
TCG,YCSW,,,Yu-Gi-Oh! Championship Series 2023 prize card,2023-09-03
TCG,,,,Masterpiece Series: Platinum Dark Magician,2023-09-06
TCG,STP6,,,Speed Duel Tournament Pack 6,2023-09-06
TCG,TN23,,,25th Anniversary Tin: Dueling Heroes,2023-09-07
TCG,MP23,,,25th Anniversary Tin: Dueling Heroes Mega Pack,2023-09-07
OCG,SR14,,,Structure Deck R: Onslaught of the Fire Kings,2023-09-09
OCG,SR14-P,,,Structure Deck R: Onslaught of the Fire Kings Second Coming of the Eternal Flames' Ruler Pack,2023-09-09
OCG,GUC1,,,GU collaboration cards,2023-09-15
OCG,TBC1,,,The Pot Collection,2023-09-16
OCG,VJMP,,,V Jump Fall 2023 subscription bonus,2023-09-21
OCG,VJMP,,,V Jump November 2023 promotional card,2023-09-21
TCG,SDCK,,,Structure Deck: The Crimson King,2023-09-22
OCG,WPP4,,,World Premiere Pack 2023,2023-09-23
OCG,SSTK,,,Satellite Shop Limited Event participation cards,2023-10-01
OCG,23TP-4,,,Tournament Pack 2023 Vol.4,2023-10-01
TCG,AGOV-SP,,,Age of Overlord Premiere! promotional card,2023-10-14
TCG,AGOV,,,Age of Overlord,2023-10-19
OCG,VJMP,,,V Jump December 2023 promotional card,2023-10-20
TCG,OP23,,,OTS Tournament Pack 23,2023-10-25
OCG,PHNI,,,Phantom Nightmare,2023-10-28
OCG,PHNI-S,,,Phantom Nightmare +1 Bonus Pack,2023-10-28
TCG,RA01,,,25th Anniversary Rarity Collection,2023-11-02
OCG,23YJ-N,,,Labrynth Duel Set,2023-11-04
OCG,23YJ-N,,,Snake-Eye Duel Set,2023-11-04
TCG,VASM,,,Valiant Smashers,2023-11-16
OCG,VJMP,,,V Jump January 2024 promotional card,2023-11-21
OCG,TW01,,,Terminal World,2023-11-25
OCG,SDQC,,,Yu-Gi-Oh! Sound Duel Quarter Century Selection promotional card,2023-11-29
TCG,SR14,,,Structure Deck: Fire Kings,2023-12-07
OCG,24PP,,,Premium Pack 2024,2023-12-16
OCG,24PR,,,Promotion Pack 2024,2023-12-16
OCG,VJMP,,,V Jump February 2024 promotional card,2023-12-21
OCG,QCDB,,,Quarter Century Duelist Box,2023-12-23
TCG,LART,,,The Lost Art Promotion 2024,2024-01-01
OCG,24TP-1,,,Tournament Pack 2024 Vol.1,2024-01-01
OCG,YOS1,,,Yu-Gi-Oh! OCG Stories Sky Striker Ace Arc Volume 3 promotional card,2024-01-04
TCG,MZMI,,,Maze of Millennia,2024-01-18
OCG,VJMP,,,V Jump March 2024 promotional card,2024-01-19
TCG,STAS STAX,,,2-Player Starter Set,2024-01-26
OCG,LEDE,,,Legacy of Destruction,2024-01-27
OCG,LEDE-S,,,Legacy of Destruction +1 Bonus Pack,2024-01-27
TCG,KC01,,,25th Anniversary Ultimate Kaiba Set,2024-02-01
TCG,PHNI-SP,,,Phantom Nightmare Premiere! promotional card,2024-02-03
OCG,TDPP,,,Premium Pack: The Legend of Duelist Quarter Century Edition,2024-02-03
OCG,TDS2,,,Structure Deck: Forest of the Traptrix - The Legend of Duelist Quarter Century Edition,2024-02-03
OCG,TDS1,,,Structure Deck: Masters of the Spiritual Arts - The Legend of Duelist Quarter Century Edition,2024-02-03
OCG,TDPR,,,The Legend of Duelist Promotion Pack,2024-02-03
OCG,TD01 TD02,,,Yu-Gi-Oh! Duel Monsters: The Legend of Duelist Quarter Century attendance cards,2024-02-03
TCG,PHNI,,,Phantom Nightmare,2024-02-08
TCG,OP24,,,OTS Tournament Pack 24,2024-02-14
OCG,VJMP,,,V Jump April 2024 promotional card,2024-02-21
OCG,ART1,,,Yu-Gi-Oh! Card Game Art Works promotional card,2024-02-21
TCG,BLC1,,,Battles of Legend: Chapter 1,2024-02-22
OCG,QCCU,,,Quarter Century Chronicle side:Unity,2024-02-23
TCG,KC01,,,25th Anniversary Ultimate Kaiba Set,2024-03-01
TCG,2024,,,Japan Championship 2024 Shop Qualifiers prize card 1,2024-03-01
TCG,,,,Stainless Steel Egyptian God Cards,2024-03-01
OCG,YO08,,,Yu-Gi-Oh! OCG Structures Volume 8 promotional card,2024-03-04
OCG,VJMP,,,V Jump May 2024 promotional card,2024-03-21
OCG,VJMP,,,V Jump Spring 2024 subscription bonus,2024-03-21
TCG,,,,Stainless Steel Egyptian God Cards Sweepstakes,2024-03-22
OCG,VX04,,,The Valuable Book EX 4 promotional cards,2024-03-22
OCG,AW01,,,High-Resolution Artwork Series,2024-03-23
OCG,QCCP,,,Quarter Century Chronicle side:Pride,2024-03-23
OCG,QCSS,,,Yu-Gi-Oh! Quarter Century Summonscene Selection Blu-ray & DVD promotional card,2024-03-27
TCG,SGX4,,,Speed Duel GX: Midterm Destruction,2024-03-29
OCG,DK01,,,"""Duelist Kingdom: Collect Star Chips!"" Limited Pack",2024-04-01
OCG,24EP-1,,,Event Pack 2024 Vol.1,2024-04-01
OCG,,,,Stainless Steel Egyptian God Cards,2024-04-01
OCG,24TP-2,,,Tournament Pack 2024 Vol.2,2024-04-01
TCG,STP7,,,Speed Duel Tournament Pack 7,2024-04-03
OCG,24YA,,,Duelist King Cup April 2024 prize card,2024-04-13
OCG,VJMP,,,V Jump June 2024 promotional card,2024-04-19
TCG,LEDE-SP,,,Legacy of Destruction Premiere! promotional card,2024-04-20
OCG,QCUC,,,Quarter Century Unity & Pride Campaign side:Unity,2024-04-20
TCG,LEDE,,,Legacy of Destruction,2024-04-26
OCG,RB07,,,Perfect Rulebook 2024 promotional card,2024-04-26
OCG,INFO,,,Infinite Forbidden,2024-04-27
OCG,INFO-S,,,Infinite Forbidden +1 Bonus Pack,2024-04-27
OCG,24YJ-T,,,Diabellstar Duel Set,2024-04-28
OCG,24YJ-T,,,Shining Sarcophagus Duel Set,2024-04-28
OCG,24YJ-T,,,Yu-Gi-Oh! Championship Series Japan Tokyo 2024 participation card,2024-04-28
OCG,,,,Yu-Gi-Oh! Championship Series Japan 2024 prize card,2024-04-29
TCG,2024,,,Japan Championship 2024 Shop Qualifiers prize card 2,2024-05-01
OCG,VJMP,,,V Jump July 2024 promotional card,2024-05-21
TCG,RA02,,,25th Anniversary Rarity Collection II,2024-05-23
OCG,DP29,,,Duelist Pack: Duelists of Brilliance,2024-05-25
OCG,QCPC,,,Quarter Century Unity & Pride Campaign side:Pride,2024-05-25
OCG,VP24,,,Quarter Century Legendary Selection,2024-05-28
OCG,TT01-A,,,Tactical-Try Deck: Decisive Strike Cyber Dragon,2024-06-08
OCG,TT01-C,,,Tactical-Try Deck: Eldlich the Conqueror,2024-06-08
OCG,TT01-B,,,Tactical-Try Deck: Evil★Twin the Kaito Pair,2024-06-08
TCG,OP25,,,OTS Tournament Pack 25,2024-06-12
TCG,BLTR,,,Battles of Legend: Terminal Revenge,2024-06-20
OCG,VJMP,,,V Jump August 2024 promotional card,2024-06-21
OCG,AC04,,,Animation Chronicle 2024,2024-06-22
OCG,24YA,,,Area Championship 2024 June prize card,2024-06-22
OCG,24EP-2,,,Event Pack 2024 Vol.2,2024-07-01
OCG,24TP-3,,,Tournament Pack 2024 Vol.3,2024-07-01
TCG,INFO-SP,,,The Infinite Forbidden Premiere! promotional card,2024-07-13
TCG,INFO,,,The Infinite Forbidden,2024-07-19
OCG,VJMP,,,V Jump September 2024 promotional card,2024-07-20
OCG,ROTA,,,Rage of the Abyss,2024-07-27
OCG,ROTA-S,,,Rage of the Abyss +1 Bonus Pack,2024-07-27
TCG,,,,Stainless Steel Card: Dark Magician Girl,2024-08-01
OCG,24YA,,,Duelist King Cup August 2024 prize card,2024-08-03
OCG,711D,,,Yu-Gi-Oh! Card Game x 7-Eleven 2024 Collaboration Campaign,2024-08-08
OCG,24YA,,,Area Championship 2024 August prize card,2024-08-10
TCG,YCSW,,,Yu-Gi-Oh! Championship Series 2024 prize card,2024-08-18
OCG,VJMP,,,V Jump October 2024 promotional card,2024-08-21
OCG,DBCB,,,Deck-Build Pack: Crossover Breakers,2024-08-24
OCG,SD47,,,Structure Deck: Advent of the Eyes of Blue,2024-09-07
OCG,SD47-P,,,Structure Deck: Advent of the Eyes of Blue Legendary Majesty Inheritance Pack,2024-09-07
TCG,2024,,,Yu-Gi-Oh! World Championship 2024 Celebration Event prize cards,2024-09-07
TCG,TKN4,,,Yu-Gi-Oh! World Championship 2024 participation cards,2024-09-07
TCG,2024,,,Yu-Gi-Oh! World Championship 2024 prize cards,2024-09-08
OCG,CF01,,,Complete File: Story of White,2024-09-14
TCG,MP24,,,25th Anniversary Tin: Dueling Mirrors,2024-09-19
OCG,VJMP,,,V Jump Fall 2024 subscription bonus,2024-09-21
OCG,VJMP,,,V Jump November 2024 promotional card,2024-09-21
OCG,WPP5,,,World Premiere Pack 2024,2024-09-28
OCG,24EP-3,,,Event Pack 2024 Vol.3,2024-10-01
OCG,24TP-4,,,Tournament Pack 2024 Vol.4,2024-10-01
TCG,ROTA-SP,,,Rage of the Abyss Premiere! promotional card,2024-10-04
OCG,YOS2,,,Yu-Gi-Oh! OCG Stories Magistus Arc Volume 4 promotional card,2024-10-04
OCG,YO09,,,Yu-Gi-Oh! OCG Structures Volume 9 promotional card,2024-10-04
TCG,ROTA,,,Rage of the Abyss,2024-10-10
TCG,OP26,,,OTS Tournament Pack 26,2024-10-16
OCG,VJMP,,,V Jump December 2024 promotional card,2024-10-21
OCG,SUDA,,,Supreme Darkness,2024-10-26
OCG,SUDA-S,,,Supreme Darkness +1 Bonus Pack,2024-10-26
OCG,24YJ-O,,,Centur-Ion Duel Set,2024-11-04
OCG,24YJ-O,,,Fiendsmith Duel Set,2024-11-04
TCG,RA03,,,Quarter Century Bonanza,2024-11-07
OCG,CCC2,,,Coco's x Yu-Gi-Oh! Card Game Anniversary Campaign 2024 Part 1,2024-11-12
OCG,QCLP,,,Quarter Century Limited Pack,2024-11-16
OCG,VJMP,,,V Jump January 2025 promotional card,2024-11-21
OCG,TW02,,,Terminal World 2,2024-11-23
OCG,24YA,,,Duelist King Cup December 2024 prize card,2024-12-01
OCG,CCC2,,,Coco's x Yu-Gi-Oh! Card Game Anniversary Campaign 2024 Part 2,2024-12-03
TCG,CRBR,,,Crossover Breakers,2024-12-06
TCG,SBC2,,,Speed Duel: Battle City Finals,2024-12-13
OCG,VJMP,,,V Jump February 2025 promotional card,2024-12-20
OCG,24YA,,,Area Championship 2024 December prize card,2024-12-21
OCG,25PP,,,Premium Pack 2025,2024-12-21
OCG,25PR,,,Promotion Pack 2025,2024-12-21
OCG,QCTB,,,Quarter Century Trinity Box,2024-12-21
OCG,24EP-4,,,Event Pack 2024 Vol.4,2025-01-01
OCG,24TP-5,,,Tournament Pack 2024 Vol.5,2025-01-01
TCG,SUDA-SP,,,Supreme Darkness Premiere! promotional card,2025-01-17
OCG,VJMP,,,V Jump March 2025 promotional card,2025-01-21
TCG,SUDA,,,Supreme Darkness,2025-01-23
OCG,ALIN,,,Alliance Insight,2025-01-25
OCG,ALIN-S,,,Alliance Insight +1 Bonus Pack,2025-01-25
TCG,SDWD,,,Structure Deck: Blue-Eyes White Destiny,2025-02-14
OCG,VJMP,,,V Jump April 2025 promotional card,2025-02-20
OCG,QCAC,,,Quarter Century Art Collection,2025-02-22
TCG,OP27,,,OTS Tournament Pack 27,2025-02-26
OCG,EDC1,,,Yu-Gi-Oh! Early Days Collection promotional cards,2025-02-27
TCG,EDC1,,,Yu-Gi-Oh! Early Days Collection promotional cards,2025-02-27
OCG,25DS,,,"Quarter Century Duel Set ""Black Luster Soldier - Envoy of the Beginning""",2025-02-28
TCG,2025,,,Japan Championship 2025 Shop Qualifiers prize card 1,2025-03-01
TCG,MZTM,,,Maze of the Master,2025-03-13
OCG,VJMP,,,V Jump May 2025 promotional card,2025-03-19
OCG,VJMP,,,V Jump Spring 2025 subscription bonus,2025-03-19
OCG,VX05,,,The Valuable Book EX 5 promotional cards,2025-03-21
OCG,DBJH,,,Deck-Build Pack: Justice Hunters,2025-03-22
OCG,25TP-1,,,Tournament Pack 2025 Vol.1,2025-04-01
OCG,25WP-1,,,Winner's Pack 2025 Vol.1,2025-04-01
OCG,YOS2,,,Yu-Gi-Oh! OCG Stories Magistus Arc Volume 5 promotional card,2025-04-04
OCG,25YA,,,Duelist King Cup April 2025 prize card,2025-04-05
TCG,RA04,,,Quarter Century Stampede,2025-04-11
OCG,25YJ-T,,,Dragon Ruler Duel Set,2025-04-12
OCG,25YJ-T,,,Maliss Duel Set,2025-04-12
OCG,25YC 25YJ,,,Yu-Gi-Oh! Championship Series Japan 2025 prize cards,2025-04-12
OCG,25YA,,,3x3 Japan Championship 2025 Qualifiers April prize card,2025-04-13
OCG,VJMP,,,V Jump June 2025 promotional card,2025-04-21
OCG,NYC1,,,"Yu-Gi-Oh! Card Game 25th Anniversary ""Blue-Eyes White Dragon"" Ukiyo-e Style Limited OCG Card with Framed Stamp Set",2025-04-21
TCG,ALIN-SP,,,Alliance Insight Premiere! promotional card,2025-04-25
OCG,DUAD-S,,,Duelist Advance +1 Assist Pack,2025-04-26
OCG,DUAD,,,Duelist's Advance,2025-04-26
OCG,ULSP,,,Ultimate Special Pack,2025-04-26
TCG,ALIN,,,Alliance Insight,2025-05-01
TCG,2025,,,Japan Championship 2025 Shop Qualifiers prize card 2,2025-05-01
OCG,YO10,,,Yu-Gi-Oh! OCG Structures Volume 10 promotional card,2025-05-02
OCG,VJMP,,,V Jump July 2025 promotional card,2025-05-21
OCG,TT02-B,,,Tactical-Try Deck: Exosister,2025-05-24
OCG,TT02-A,,,Tactical-Try Deck: Rescue-ACE,2025-05-24
OCG,VP25,,,Duel Academia Selection,2025-05-28
OCG,SSC1,,,Sunstar Tonic collaboration card,2025-05-30
TCG,25YC,,,Yu-Gi-Oh! Championship Series 2025 prize cards,2025-06-08
TCG,BLMM,,,Battles of Legend: Monster Mayhem,2025-06-13
TCG,OP28,,,OTS Tournament Pack 28,2025-06-18
OCG,VJMP,,,V Jump August 2025 promotional card,2025-06-20
OCG,DKPN,,,Decoy collaboration card,2025-06-24
TCG,DUAD-SP,,,Duelist's Advance Premiere! promotional card,2025-06-27
OCG,TTP1,,,Tactical-Try Pack: Dark Magic / HERO / Mikanko,2025-06-28
OCG,25YC,,,Japan Championship 2025 Finals prize card,2025-06-29
OCG,25TP-2,,,Tournament Pack 2025 Vol.2,2025-07-01
OCG,25WP-2,,,Winner's Pack 2025 Vol.2,2025-07-01
TCG,DUAD,,,Duelist's Advance,2025-07-04
OCG,25YA,,,Duelist King Cup July 2025 prize card,2025-07-05
OCG,PREV,,,Tactical-Try Event 2025 promotional card,2025-07-12
OCG,VJMP,,,V Jump September 2025 promotional card,2025-07-18
OCG,DOOD,,,Doom of Dimensions,2025-07-26
OCG,DOOD-S,,,Doom of Dimensions +1 Assist Pack,2025-07-26
TCG,JUSH,,,Justice Hunters,2025-08-01
OCG,711E,,,Yu-Gi-Oh! Card Game x 7-Eleven 2025 Collaboration Campaign,2025-08-07
OCG,VJMP,,,V Jump October 2025 promotional card,2025-08-21
OCG,DBPR,,,Deck-Build Pack: Phantom Revengers,2025-08-23
OCG,DDS1,,,Deluxe Duel Set: Exosister,2025-08-23
OCG,25LP,,,Limited Pack World Championship 2025,2025-08-30
TCG,25LP,,,Limited Pack World Championship 2025,2025-08-30
TCG,2025,,,Yu-Gi-Oh! World Championship 2025 prize cards,2025-08-31
TCG,MP25,,,2025 Mega-Pack Tin,2025-09-04
OCG,SD48,,,Structure Deck: Power of Fellows,2025-09-06
OCG,SD48-P,,,Structure Deck: Power of Fellows Light of Gathering Stars Pack,2025-09-06
OCG,NKC1,,,Nike collaboration cards,2025-09-12
TCG,NKC1,,,Nike collaboration cards,2025-09-12
OCG,LPG1,,,Limited Pack GX: Slifer Red,2025-09-13
TCG,DOOD-SP,,,Doom of Dimensions Premiere! promotional card,2025-09-19
OCG,VJMP,,,V Jump Fall 2025 subscription bonus,2025-09-20
OCG,VJMP,,,V Jump November 2025 promotional card,2025-09-20
TCG,DOOD,,,Doom of Dimensions,2025-09-25
OCG,EFC1,,,EFootball collaboration cards,2025-09-27
TCG,EFC1,,,EFootball collaboration cards,2025-09-27
OCG,WPP6,,,World Premiere Pack 2025,2025-09-27
OCG,25TP-3,,,Tournament Pack 2025 Vol.3,2025-10-01
OCG,25WP-3,,,Winner's Pack 2025 Vol.3,2025-10-01
OCG,25YA,,,Duelist King Cup October 2025 prize card,2025-10-04
TCG,OP29,,,OTS Tournament Pack 29,2025-10-15
OCG,VJMP,,,V Jump December 2025 promotional card,2025-10-21
TCG,CH01,,,THE CHRONICLES DECK: The Fallen & The Virtuous (All-Foil Edition),2025-10-23
OCG,BPRO,,,Burst Protocol,2025-10-25
OCG,BPRO-S,,,Burst Protocol +1 Assist Pack,2025-10-25
OCG,CH01,,,THE CHRONICLES DECK: The Fallen & The Virtuous (All-Foil Edition),2025-10-25
OCG,25YJ-N,,,Junk Warrior Duel Set,2025-11-01
OCG,25YJ-N,,,Story of White Duel Set,2025-11-01
TCG,L5DD,,,Legendary 5D's Decks,2025-11-06
OCG,NJSJ,,,"Get ""Nijisanji Yu-Gi-Oh! Master Duel Festival 2025"" Celebration Tokens! Campaign",2025-11-12
OCG,VJMP,,,V Jump January 2026 promotional card,2025-11-20
OCG,TW03,,,Terminal World 3,2025-11-22
OCG,PREV,,,Event Pack: Terminal World Awakening!!,2025-11-29
TCG,PHRE,,,Phantom Revenge,2025-12-04
OCG,YO11,,,Yu-Gi-Oh! OCG Structures Volume 11 promotional card,2025-12-04
OCG,HJMN,,,Gift for Hajime Syacho,2025-12-07
OCG,LPST,,,Limited Pack: Stamp Edition,2025-12-13
OCG,STSP,,,Special Pack: Stamp Edition,2025-12-13
OCG,VJMP,,,V Jump February 2026 promotional card,2025-12-19
OCG,ABGX,,,Yu-Gi-Oh! Duel Monsters GX Animation Complete Guide Academia Duel Log promotional card,2025-12-19
OCG,25DB,,,Duelist Box: Prismatic Summon,2025-12-20
OCG,26PP,,,Premium Pack 2026,2025-12-20
OCG,26PR,,,Promotion Pack 2026,2025-12-20
OCG,25YA,,,Duelist King Cup January 2026 prize card,2026-01-01
OCG,25TP-4,,,Tournament Pack 2025 Vol.4,2026-01-01
OCG,25WP-4,,,Winner's Pack 2025 Vol.4,2026-01-01
OCG,YOS3,,,Yu-Gi-Oh! OCG Stories Volume 6 promotional card,2026-01-05
OCG,VJMP,,,V Jump March 2026 promotional card,2026-01-21
TCG,CH02,,,THE CHRONICLES DECK: Spirit Charmers (All-Foil Edition),2026-01-22
OCG,BLZD,,,Blazing Dominion,2026-01-24
OCG,BLZD-S,,,Blazing Dominion +1 Assist Pack,2026-01-24
OCG,CH02,,,THE CHRONICLES DECK: Spirit Charmers (All-Foil Edition),2026-01-24
TCG,BPRO-SP,,,Burst Protocol Premiere! promotional card,2026-01-30
TCG,BPRO,,,Burst Protocol,2026-02-05
TCG,OP30,,,OTS Tournament Pack 30,2026-02-11
TCG,MZMU,,,Maze of Muertos,2026-02-19
OCG,VJMP,,,V Jump April 2026 promotional card,2026-02-20
OCG,LOCH,,,Limit Over Collection: The Heroes,2026-02-28
OCG,LOSP,,,Limit Over Special Pack Vol.1,2026-02-28
OCG,25YC,,,3x3 Japan Championship 2025 Finals prize cards,2026-03-01
OCG,AW02,,,Artwork Series Hanging Scrolls,2026-03-01
OCG,AW02-M,,,Artwork Series Mini Hanging Scrolls: Egyptian Gods,2026-03-01
TCG,L26D,,,Legendary Modern Decks 2026,2026-03-13
OCG,VX06,,,The Valuable Book EX 6 promotional cards,2026-03-19
OCG,LOCR,,,Limit Over Collection: The Rivals,2026-03-20
OCG,LOSP,,,Limit Over Special Pack Vol.2,2026-03-20
TCG,RA05,,,Rarity Collection 5,2026-04-09
OCG,,,,Chaos Origins,2026-04-25
OCG,,,,Chaos Origins +1 Expansion Pack,2026-04-25
TCG,BLZD,,,Blazing Dominion,2026-05-07
OCG,,,,Revolution Booster: Toon / Witchcrafter / Unchained,2026-05-30
